FECHA_1,CodArt,DescArt,CodCli,Nomcli,NUMDOC (Num. Oferta),BASEMONEDA (importe),Unidades,CENTROCOSTE3
2/7/2018,45502,EV3 Large Servo Motor,11,BELL-LLOC DEL PLA,190,319.90,10.00,14110
2/7/2018,45503,EV3 Medium Servo Motor,11,BELL-LLOC DEL PLA,190,139.95,5.00,14110
6/25/2018,45509,EV3 Infrared Sensor,11,BELL-LLOC DEL PLA,624,147.96,4.00,14110
6/25/2018,45508,EV3 Infrared Beacon,11,BELL-LLOC DEL PLA,624,73.98,2.00,14110
10/3/2018,45517,Transformer 10V DC,11,BELL-LLOC DEL PLA,1186,319.90,10.00,14110
7/9/2018,705001,SERVICIOS PRESTADOS,35,"BARCELONA ACTIVA SAU, SPM",710,720.00,1.00,14120
7/19/2018,45300,LEGO® Education WeDo 2.0 Core Set,39,"SEK ATLANTICO, S.L",759,0.00,30.00,14110
7/19/2018,45024,STEAM Park,39,"SEK ATLANTICO, S.L",759,0.00,2.00,14110
7/19/2018,9998,Garantía anual - No question,39,"SEK ATLANTICO, S.L",759,0.00,1.00,14110
9/25/2018,9689,Simple Machines Set,40,"SEK EL CASTILLO, S.L.",1114,549.90,10.00,14110
9/25/2018,9998,Garantía anual - No question,40,"SEK EL CASTILLO, S.L.",1114,27.50,1.00,14110
1/17/2018,705001,SERVICIOS PRESTADOS,35,"BARCELONA ACTIVA SAU, SPM",63,"2,400.00",40.00,14120
11/26/2018,705001,SERVICIOS PRESTADOS,35,"BARCELONA ACTIVA SAU, SPM",1551,0.00,0.00,14120
11/26/2018,705001,SERVICIOS PRESTADOS,35,"BARCELONA ACTIVA SAU, SPM",1551,0.00,0.00,14120
11/26/2018,705001,SERVICIOS PRESTADOS,35,"BARCELONA ACTIVA SAU, SPM",1551,"1,920.00",32.00,14120
7/19/2018,45544,LEGO® MINDSTORMS® Education EV3 Core Set,39,"SEK ATLANTICO, S.L",759,0.00,10.00,14110
7/19/2018,45517,Transformer 10V DC,39,"SEK ATLANTICO, S.L",759,0.00,5.00,14110
7/19/2018,9998,Garantía anual - No question,40,"SEK EL CASTILLO, S.L.",763,0.00,1.00,14110
7/19/2018,45300,LEGO® Education WeDo 2.0 Core Set,42,"SEK SANTA ISABEL, S.L",761,0.00,3.00,14110
7/19/2018,45024,STEAM Park,42,"SEK SANTA ISABEL, S.L",761,0.00,2.00,14110
7/19/2018,9998,Garantía anual - No question,42,"SEK SANTA ISABEL, S.L",761,0.00,1.00,14110
9/25/2018,45544,LEGO® MINDSTORMS® Education EV3 Core Set,42,"SEK SANTA ISABEL, S.L",1116,739.98,2.00,14110
9/25/2018,45300,LEGO® Education WeDo 2.0 Core Set,42,"SEK SANTA ISABEL, S.L",1116,142.98,1.00,14110
9/25/2018,45024,STEAM Park,42,"SEK SANTA ISABEL, S.L",1116,299.98,2.00,14110
9/25/2018,9998,Garantía anual - No question,42,"SEK SANTA ISABEL, S.L",1116,59.15,1.00,14110
7/19/2018,45544,LEGO® MINDSTORMS® Education EV3 Core Set,43,"SEK CATALUNYA, S.A",760,0.00,26.00,14110
7/19/2018,45517,Transformer 10V DC,43,"SEK CATALUNYA, S.A",760,0.00,13.00,14110
7/19/2018,45300,LEGO® Education WeDo 2.0 Core Set,43,"SEK CATALUNYA, S.A",760,0.00,24.00,14110
7/19/2018,9998,Garantía anual - No question,43,"SEK CATALUNYA, S.A",760,0.00,1.00,14110
7/19/2018,45024,STEAM Park,41,"SEK CIUDALCAMPO, S.L.",762,0.00,4.00,14110
7/19/2018,9686,Simple & Powered Machines Set,41,"SEK CIUDALCAMPO, S.L.",762,0.00,4.00,14110
7/19/2018,9689,Simple Machines Set,41,"SEK CIUDALCAMPO, S.L.",762,0.00,4.00,14110
7/19/2018,45544,LEGO® MINDSTORMS® Education EV3 Core Set,41,"SEK CIUDALCAMPO, S.L.",762,0.00,6.00,14110
7/19/2018,45517,Transformer 10V DC,41,"SEK CIUDALCAMPO, S.L.",762,0.00,3.00,14110
7/19/2018,45300,LEGO® Education WeDo 2.0 Core Set,41,"SEK CIUDALCAMPO, S.L.",762,0.00,15.00,14110
7/19/2018,9998,Garantía anual - No question,41,"SEK CIUDALCAMPO, S.L.",762,0.00,1.00,14110
5/4/2018,45024,STEAM Park,45,ESCUELA LICEO EUROPEO,409,749.95,5.00,14110
5/15/2018,1LA45544,Certificación Básica LEGO MINDSTORMS Education EV3,51,"INSTITUCIO FAMILIAR D'EDUCACIO, SA  (COL·LEGI LA FARGA)",468,150.00,1.00,14120
9/25/2018,45544,LEGO® MINDSTORMS® Education EV3 Core Set,82,BRITISH COUNCIL SCHOOL,1123,"5,549.85",15.00,14110
9/25/2018,9998,Garantía anual - No question,82,BRITISH COUNCIL SCHOOL,1123,277.49,1.00,14110
9/23/2018,45544,LEGO® MINDSTORMS® Education EV3 Core Set,124,COL·LEGI LES ALZINES,1095,"1,479.96",4.00,14110
9/23/2018,45517,Transformer 10V DC,124,COL·LEGI LES ALZINES,1095,63.98,2.00,14110
9/23/2018,9998,Garantía anual - No question,124,COL·LEGI LES ALZINES,1095,77.19,1.00,14110
9/14/2018,45544,LEGO® MINDSTORMS® Education EV3 Core Set,124,COL·LEGI LES ALZINES,1043,"1,849.95",5.00,14110
9/14/2018,45517,Transformer 10V DC,124,COL·LEGI LES ALZINES,1043,95.97,3.00,14110
9/14/2018,9998,Garantía anual - No question,124,COL·LEGI LES ALZINES,1043,97.29,1.00,14110
4/6/2018,705001,SERVICIOS PRESTADOS,137,FUNDACIÓN PRIVADA BENJAMIN FRANKLIN,344,180.00,1.00,14120
12/21/2018,45300,LEGO® Education WeDo 2.0 Core Set,149,VEDRUNA MARE DE DÉU DEL CARME,1739,142.98,1.00,14110
9/6/2018,628004,GASTOS DE ENVIO,158,ST. PETER'S SCHOOL,985,5.00,1.00,14110
11/8/2018,9998,Garantía anual - No question,214,COLEGIO DE FOMENTO MONTECASTELO,1458,0.00,1.00,14110
11/20/2018,0,Artículo,214,COLEGIO DE FOMENTO MONTECASTELO,1507,"1,708.80",4.00,14110
11/20/2018,45544,LEGO® MINDSTORMS® Education EV3 Core Set,214,COLEGIO DE FOMENTO MONTECASTELO,1507,0.00,4.00,14110
11/20/2018,45560,LEGO® MINDSTORMS® Education EV3 Expansio,214,COLEGIO DE FOMENTO MONTECASTELO,1507,0.00,4.00,14110
2/12/2018,2000414,LEGO® SERIOUS PLAY® Starter Kit,255,CENTRO DEL PROFESORADO DE JEREZ,203,"1,117.80",30.00,14110
2/12/2018,10700,Base Verde,255,CENTRO DEL PROFESORADO DE JEREZ,203,371.70,30.00,14110
2/12/2018,628004,GASTOS DE ENVIO,255,CENTRO DEL PROFESORADO DE JEREZ,203,21.59,1.00,14110
11/20/2018,45517,Transformer 10V DC,214,COLEGIO DE FOMENTO MONTECASTELO,1507,0.00,4.00,14110
7/19/2018,45544,LEGO® MINDSTORMS® Education EV3 Core Set,272,SEK ALBORAN S.L,758,0.00,4.00,14110
7/19/2018,45517,Transformer 10V DC,272,SEK ALBORAN S.L,758,0.00,2.00,14110
7/19/2018,45300,LEGO® Education WeDo 2.0 Core Set,272,SEK ALBORAN S.L,758,0.00,12.00,14110
7/19/2018,45024,STEAM Park,272,SEK ALBORAN S.L,758,0.00,4.00,14110
7/19/2018,9998,Garantía anual - No question,272,SEK ALBORAN S.L,758,0.00,1.00,14110
6/11/2018,9686,Simple & Powered Machines Set,306,COL·LEGI MARE DE DÉU DE LA MERCÈ,549,989.94,6.00,14110
6/11/2018,9585,LEGO® Education WeDo™ Resource set,306,COL·LEGI MARE DE DÉU DE LA MERCÈ,549,105.98,2.00,14110
10/9/2018,705001,SERVICIOS PRESTADOS,321,COLEGIOS RAMON Y CAJAL SL,1259,540.00,1.00,14110
10/3/2018,45300,LEGO® Education WeDo 2.0 Core Set,326,ESCOLA EL BOSC DE LA PABORDIA,1183,"1,000.86",7.00,14110
11/7/2018,45300,LEGO® Education WeDo 2.0 Core Set,493,DIRECCIÓ DE SERVEIS A LES PERSONES I AL TERRITORI DEL DISTRICTE DE LES CORTS,1454,"1,715.76",12.00,14110
11/7/2018,9656,Early Simple Machines Set,493,DIRECCIÓ DE SERVEIS A LES PERSONES I AL TERRITORI DEL DISTRICTE DE LES CORTS,1454,908.94,6.00,14110
11/7/2018,0,Artículo,493,DIRECCIÓ DE SERVEIS A LES PERSONES I AL TERRITORI DEL DISTRICTE DE LES CORTS,1454,"1,586.28",12.00,14110
11/7/2018,0,Artículo,493,DIRECCIÓ DE SERVEIS A LES PERSONES I AL TERRITORI DEL DISTRICTE DE LES CORTS,1454,181.64,4.00,14110
11/7/2018,0,Artículo,493,DIRECCIÓ DE SERVEIS A LES PERSONES I AL TERRITORI DEL DISTRICTE DE LES CORTS,1454,133.70,2.00,14110
11/7/2018,0,Artículo,493,DIRECCIÓ DE SERVEIS A LES PERSONES I AL TERRITORI DEL DISTRICTE DE LES CORTS,1454,95.91,1.00,14110
11/7/2018,0,Artículo,493,DIRECCIÓ DE SERVEIS A LES PERSONES I AL TERRITORI DEL DISTRICTE DE LES CORTS,1454,263.64,1.00,14110
11/7/2018,0,Artículo,493,DIRECCIÓ DE SERVEIS A LES PERSONES I AL TERRITORI DEL DISTRICTE DE LES CORTS,1454,53.64,1.00,14110
11/7/2018,0,Artículo,493,DIRECCIÓ DE SERVEIS A LES PERSONES I AL TERRITORI DEL DISTRICTE DE LES CORTS,1454,74.38,1.00,14110
11/7/2018,0,Artículo,493,DIRECCIÓ DE SERVEIS A LES PERSONES I AL TERRITORI DEL DISTRICTE DE LES CORTS,1454,39.66,2.00,14110
11/7/2018,0,Artículo,493,DIRECCIÓ DE SERVEIS A LES PERSONES I AL TERRITORI DEL DISTRICTE DE LES CORTS,1454,61.98,1.00,14110
11/7/2018,628004,GASTOS DE ENVIO,493,DIRECCIÓ DE SERVEIS A LES PERSONES I AL TERRITORI DEL DISTRICTE DE LES CORTS,1454,20.97,1.00,14110
7/10/2018,45544,LEGO® MINDSTORMS® Education EV3 Core Set,513,COLEGIO CASA AZUL,723,"1,479.96",4.00,14110
7/10/2018,45560,LEGO® MINDSTORMS® Education EV3 Expansio,513,COLEGIO CASA AZUL,725,435.96,4.00,14110
11/26/2018,45517,Transformer 10V DC,623,FUNDACIÓ PRIVADA TR@MS,1550,25.00,1.00,14110
11/26/2018,45302,Smarthub Rechargeable Battery,623,FUNDACIÓ PRIVADA TR@MS,1550,44.86,1.00,14110
11/26/2018,45300,LEGO® Education WeDo 2.0 Core Set,623,FUNDACIÓ PRIVADA TR@MS,1550,129.88,1.00,14110
11/26/2018,628004,GASTOS DE ENVIO,623,FUNDACIÓ PRIVADA TR@MS,1550,5.37,1.00,14110
10/30/2018,45506,EV3 Color Sensor,624,UNIO CENTRES PRIVATS S.L.,1405,37.99,1.00,14110
10/30/2018,45505,EV3 Gyro Sensor,624,UNIO CENTRES PRIVATS S.L.,1405,37.99,1.00,14110
10/30/2018,45501,EV3 Rechargeable DC Battery,624,UNIO CENTRES PRIVATS S.L.,1405,84.99,1.00,14110
11/12/2018,45003,LEGO® Soft Brick Set,696,FUNDACIÓ BETÀNIAPATMOS,1464,528.99,1.00,14110
1/29/2018,45300,LEGO® Education WeDo 2.0 Core Set,710,ESCOLA MARIA ANNA MOGAS,135,"1,479.90",10.00,14110
1/15/2018,9689,Simple Machines Set,676,SANTA MARIA DELS APÒSTOLS,50,159.21,3.00,14110
7/19/2018,1LA45544ONL,Certificación Básica LEGO MINDSTORMS Education EV3,710,ESCOLA MARIA ANNA MOGAS,757,150.00,1.00,14120
7/9/2018,45300,LEGO® Education WeDo 2.0 Core Set,741,ESCOLA JOAQUIM BLUME,715,"1,429.80",10.00,14110
3/5/2018,45570,EV3 Space Challenge Set,746,COLEGIO PÚBLICO ATALAYA DE ATARFE,257,195.95,1.00,14110
10/23/2018,628004,GASTOS DE ENVIO,754,AYUNTAMIENTO DE LA LAGUNA (CONCEJALÍA DE EDUCACIÓN),1348,743.05,1.00,14110
11/9/2018,628004,GASTOS DE ENVIO,754,AYUNTAMIENTO DE LA LAGUNA (CONCEJALÍA DE EDUCACIÓN),1459,743.05,1.00,14110
9/19/2018,628004,GASTOS DE ENVIO,760,LYCÉE FRANÇAIS DE TENERIFE JULES VERNE,1074,32.00,1.00,14110
11/20/2018,45300,LEGO® Education WeDo 2.0 Core Set,771,ESCOLA ÀNGEL BAIXERAS,1504,857.88,6.00,14110
11/20/2018,1LA45300,Certificació Bàsica LEGO Education WeDo 2.0,771,ESCOLA ÀNGEL BAIXERAS,1504,190.00,2.00,14120
1/25/2018,9686,Simple & Powered Machines Set,786,SAGRADO CORAZÓN HERMANOS CORAZONISTAS,111,"4,124.75",25.00,14110
6/1/2018,45300,LEGO® Education WeDo 2.0 Core Set,905,CEIP Joaquín Costa,517,857.88,6.00,14110
9/25/2018,9998,Garantía anual - No question,918,COLEGIO BILINGUE DE CASTILLEJA SL - YAGO SCHOOL,1119,899.04,1.00,14110
4/26/2018,45544,LEGO® MINDSTORMS® Education EV3 Core Set,947,ESCOLA LA POPA,396,"1,109.97",3.00,14110
4/26/2018,45517,Transformer 10V DC,947,ESCOLA LA POPA,396,31.99,1.00,14110
3/5/2018,45300,LEGO® Education WeDo 2.0 Core Set,965,Col·legi Sant Gervasi,254,"1,143.92",8.00,14110
3/5/2018,45544,LEGO® MINDSTORMS® Education EV3 Core Set,965,Col·legi Sant Gervasi,255,"1,849.95",5.00,14110
3/5/2018,45517,Transformer 10V DC,965,Col·legi Sant Gervasi,255,95.97,3.00,14110
4/16/2018,8883,Power Functions M-Motor,971,EL CARME VEDRUNA MANLLEU,362,44.95,5.00,14110
9/18/2018,45544,LEGO® MINDSTORMS® Education EV3 Core Set,971,EL CARME VEDRUNA MANLLEU,1063,369.99,1.00,14110
9/18/2018,9689,Simple Machines Set,971,EL CARME VEDRUNA MANLLEU,1063,549.90,10.00,14110
2/23/2018,705001,SERVICIOS PRESTADOS,1011,"Institució Escolar Turbula, S.L.",237,540.00,1.00,14110
11/23/2018,9689,Simple Machines Set,1011,"Institució Escolar Turbula, S.L.",1537,439.92,8.00,14110
11/23/2018,45300,LEGO® Education WeDo 2.0 Core Set,1011,"Institució Escolar Turbula, S.L.",1537,142.98,1.00,14110
5/8/2018,2000700,LE Replacement Pack LME 1,1068,COLSANT LLUIS S.L.,417,6.69,1.00,14110
5/8/2018,2000715,LE Replacement Pack LE WeDo 2.0,1068,COLSANT LLUIS S.L.,417,6.69,1.00,14110
5/8/2018,628004,GASTOS DE ENVIO,1068,COLSANT LLUIS S.L.,417,6.05,1.00,14110
5/17/2018,1LA45544ONL,Certificación Básica LEGO MINDSTORMS Education EV3,1077,EDUCAHUMANES S.A.,474,600.00,4.00,14120
9/25/2018,1LA45300ONL,Certificació Bàsica LEGO Education WeDo 2.0 Online,1089,SANTA MARÍA MARIANISTAS,1124,95.00,1.00,14120
2/8/2018,10698,LEGO Classic - Caja Ladrillos Creativos Grande LEGO,1124,SPACIOS EDUCATIVOS CAR S.A.,194,98.98,2.00,14110
6/4/2018,45544,LEGO® MINDSTORMS® Education EV3 Core Set,1186,COLEGIO PÚBLICO RIOTURBIO,523,"1,479.96",4.00,14110
6/4/2018,45517,Transformer 10V DC,1186,COLEGIO PÚBLICO RIOTURBIO,523,63.98,2.00,14110
6/6/2018,245544,LEGO® MINDSTORMS Education EV3 Core Set + transformador,1186,COLEGIO PÚBLICO RIOTURBIO,536,369.99,1.00,14110
1/16/2018,45024,STEAM Park,1402,CEIP Nuestra Señora del Castillo,54,149.99,1.00,14110
1/16/2018,9656,Early Simple Machines Set,1402,CEIP Nuestra Señora del Castillo,54,146.99,1.00,14110
3/14/2018,45024,STEAM Park,1402,CEIP Nuestra Señora del Castillo,298,449.97,3.00,14110
3/14/2018,45008,Math Train,1402,CEIP Nuestra Señora del Castillo,298,284.97,3.00,14110
3/14/2018,9230,Town Set,1402,CEIP Nuestra Señora del Castillo,298,219.98,2.00,14110
3/14/2018,9076,Tubes Experiment Set,1402,CEIP Nuestra Señora del Castillo,298,335.97,3.00,14110
3/14/2018,9656,Early Simple Machines Set,1402,CEIP Nuestra Señora del Castillo,298,454.47,3.00,14110
3/14/2018,9686,Simple & Powered Machines Set,1402,CEIP Nuestra Señora del Castillo,298,989.94,6.00,14110
3/14/2018,9689,Simple Machines Set,1402,CEIP Nuestra Señora del Castillo,298,329.94,6.00,14110
9/26/2018,45024,STEAM Park,1402,CEIP Nuestra Señora del Castillo,1136,299.98,2.00,14110
9/26/2018,9656,Early Simple Machines Set,1402,CEIP Nuestra Señora del Castillo,1136,302.98,2.00,14110
9/26/2018,9076,Tubes Experiment Set,1402,CEIP Nuestra Señora del Castillo,1136,223.98,2.00,14110
1/17/2018,45300,LEGO® Education WeDo 2.0 Core Set,1407,CP SANTACATALINA DE SALAMANCA MEC,65,245.00,2.00,14110
1/26/2018,9686,Simple & Powered Machines Set,1428,LA SALLE GIRONA,117,824.95,5.00,14110
1/26/2018,9688,Renewable Energy Add-on Set,1428,LA SALLE GIRONA,117,604.95,5.00,14110
12/4/2018,45544,LEGO® MINDSTORMS® Education EV3 Core Set,1428,LA SALLE GIRONA,1620,"1,479.96",4.00,14110
12/4/2018,45560,LEGO® MINDSTORMS® Education EV3 Expansio,1428,LA SALLE GIRONA,1620,108.99,1.00,14110
12/4/2018,45544,LEGO® MINDSTORMS® Education EV3 Core Set,1428,LA SALLE GIRONA,1621,"1,109.97",3.00,14110
12/4/2018,45500,EV3 Intelligent Brick,1428,LA SALLE GIRONA,1621,211.99,1.00,14110
12/4/2018,45560,LEGO® MINDSTORMS® Education EV3 Expansio,1428,LA SALLE GIRONA,1621,108.99,1.00,14110
10/8/2018,45300,LEGO® Education WeDo 2.0 Core Set,1461,CEIP Miguel Hernández Laguna de Duero,1253,"2,573.64",18.00,14110
11/29/2018,45517,Transformer 10V DC,1465,FUNDACIO PRIVADA SANT GERVASI,1578,25.00,1.00,14110
11/29/2018,45302,Smarthub Rechargeable Battery,1465,FUNDACIO PRIVADA SANT GERVASI,1578,44.86,1.00,14110
11/29/2018,45300,LEGO® Education WeDo 2.0 Core Set,1465,FUNDACIO PRIVADA SANT GERVASI,1578,129.88,1.00,14110
11/29/2018,628004,GASTOS DE ENVIO,1465,FUNDACIO PRIVADA SANT GERVASI,1578,5.37,1.00,14110
3/6/2018,1LA45300,Certificació Bàsica LEGO Education WeDo 2.0,1531,AMPA Escola Creu Alta,264,95.00,1.00,14120
3/16/2018,45300,LEGO® Education WeDo 2.0 Core Set,1556,Escola Mas Boadella,309,857.88,6.00,14110
3/16/2018,45544,LEGO® MINDSTORMS® Education EV3 Core Set,1556,Escola Mas Boadella,309,"2,219.94",6.00,14110
3/16/2018,45517,Transformer 10V DC,1556,Escola Mas Boadella,309,95.97,3.00,14110
3/22/2018,45300,LEGO® Education WeDo 2.0 Core Set,1568,Escola Lledoner,322,857.88,6.00,14110
4/6/2018,9656,Early Simple Machines Set,1583,COL.LEGI SANT MIQUEL ARCANGEL- Manyanet Molins,345,757.45,5.00,14110
4/6/2018,9686,Simple & Powered Machines Set,1583,COL.LEGI SANT MIQUEL ARCANGEL- Manyanet Molins,345,824.95,5.00,14110
4/6/2018,9689,Simple Machines Set,1583,COL.LEGI SANT MIQUEL ARCANGEL- Manyanet Molins,345,274.95,5.00,14110
4/6/2018,45024,STEAM Park,1583,COL.LEGI SANT MIQUEL ARCANGEL- Manyanet Molins,345,749.95,5.00,14110
4/6/2018,45544,LEGO® MINDSTORMS® Education EV3 Core Set,1583,COL.LEGI SANT MIQUEL ARCANGEL- Manyanet Molins,345,"1,109.97",3.00,14110
4/6/2018,1LA9686,Certificación LEGO Education Máquinas y mecanismos,1583,COL.LEGI SANT MIQUEL ARCANGEL- Manyanet Molins,345,190.00,2.00,14120
5/17/2018,45544,LEGO® MINDSTORMS® Education EV3 Core Set,1682,Proyecto Educativo Las Palmas SLU,478,"1,849.95",5.00,14110
5/22/2018,45300,LEGO® Education WeDo 2.0 Core Set,1694,Colegio Casa de la Virgen,483,"1,143.84",8.00,14110
5/24/2018,45544,LEGO® MINDSTORMS® Education EV3 Core Set,1694,Colegio Casa de la Virgen,492,"2,959.92",8.00,14110
9/7/2018,2000702,LE Replacement Pack LME 3,1695,ESCOLA DOCTOR ALBERICH I CASAS,997,6.69,1.00,14110
9/7/2018,9998,Garantía anual - No question,1695,ESCOLA DOCTOR ALBERICH I CASAS,997,76.63,1.00,14110
6/11/2018,9656,Early Simple Machines Set,1759,ESCOLA ÀNGEL GUIMERÀ,551,0.00,3.00,14110
6/11/2018,9689,Simple Machines Set,1759,ESCOLA ÀNGEL GUIMERÀ,551,0.00,6.00,14110
6/11/2018,9686,Simple & Powered Machines Set,1759,ESCOLA ÀNGEL GUIMERÀ,551,0.00,6.00,14110
6/11/2018,1LA9686,Certificación LEGO Education Máquinas y mecanismos,1759,ESCOLA ÀNGEL GUIMERÀ,551,0.00,2.00,14120
11/30/2018,705001,SERVICIOS PRESTADOS,1759,ESCOLA ÀNGEL GUIMERÀ,1596,180.00,1.00,14110
6/22/2018,45300,LEGO® Education WeDo 2.0 Core Set,1794,ESCOLA ATENEU INSTRUCTIU,617,"1,000.86",7.00,14110
6/22/2018,1LA45300,Certificació Bàsica LEGO Education WeDo 2.0,1794,ESCOLA ATENEU INSTRUCTIU,617,95.00,1.00,14120
7/2/2018,45544,LEGO® MINDSTORMS® Education EV3 Core Set,1836,FUNDACION DOLORES SOPEÑA,653,"1,479.96",4.00,14110
7/2/2018,45517,Transformer 10V DC,1836,FUNDACION DOLORES SOPEÑA,653,63.98,2.00,14110
7/2/2018,1LA45544E,¡INTENSIVO! - Introducción a la robótica con LEGO MINDSTORMS Education EV3,1836,FUNDACION DOLORES SOPEÑA,653,150.00,1.00,14120
7/2/2018,45300,LEGO® Education WeDo 2.0 Core Set,1838,ESCOLA LES CLISQUES,658,571.92,4.00,14110
7/2/2018,45300,LEGO® Education WeDo 2.0 Core Set,1838,ESCOLA LES CLISQUES,659,285.96,2.00,14110
7/9/2018,45300,LEGO® Education WeDo 2.0 Core Set,1838,ESCOLA LES CLISQUES,716,428.94,3.00,14110
7/10/2018,45300,LEGO® Education WeDo 2.0 Core Set,1872,ESCOLA MIRALLETES,727,714.90,5.00,14110
7/10/2018,9689,Simple Machines Set,1872,ESCOLA MIRALLETES,728,274.95,5.00,14110
7/13/2018,45300,LEGO® Education WeDo 2.0 Core Set,1892,Escola Sant Domènec,748,571.92,4.00,14110
7/18/2018,45024,STEAM Park,1903,Juan Ángel Larumbe,754,899.94,6.00,14110
7/18/2018,45002,Tech Machines,1903,Juan Ángel Larumbe,754,"1,079.94",6.00,14110
7/18/2018,45300,LEGO® Education WeDo 2.0 Core Set,1903,Juan Ángel Larumbe,754,"2,859.60",20.00,14110
7/18/2018,245544,LEGO® MINDSTORMS Education EV3 Core Set + transformador,1903,Juan Ángel Larumbe,754,"10,359.72",28.00,14110
12/18/2018,45300PA20,Pack aula LEGO Education WeDo 2.0 20 alumnos,1908,C.P. CAMPO ARAÑUELO,1706,"2,595.80",2.00,14110
9/6/2018,45300,LEGO® Education WeDo 2.0 Core Set,1991,CEIP Mirador de San Javier,984,0.00,21.00,14110
9/6/2018,1LA45300,Certificació Bàsica LEGO Education WeDo 2.0,1991,CEIP Mirador de San Javier,984,0.00,1.00,14120
9/6/2018,9998,Garantía anual - No question,1993,Institut Mediterrània,989,306.44,1.00,14110
9/10/2018,45544PA12,Pack aula LEGO MINDSTORMS Education EV3 12 alumnos,1993,Institut Mediterrània,1008,"1,425.55",1.00,14110
9/10/2018,1LA45544,Certificación Básica LEGO MINDSTORMS Education EV3,1993,Institut Mediterrània,1008,600.00,4.00,14120
9/10/2018,9998,Garantía anual - No question,1993,Institut Mediterrània,1008,71.27,1.00,14110
9/10/2018,45544PA12,Pack aula LEGO MINDSTORMS Education EV3 12 alumnos,2012,Escola Roc Alabern,1006,"1,425.55",1.00,14110
9/10/2018,9998,Garantía anual - No question,2012,Escola Roc Alabern,1006,71.27,1.00,14110
9/12/2018,45300,LEGO® Education WeDo 2.0 Core Set,2025,CEIP Rodriguez de Celis,1014,571.92,4.00,14110
9/12/2018,9656,Early Simple Machines Set,2025,CEIP Rodriguez de Celis,1014,151.49,1.00,14110
9/12/2018,9689,Simple Machines Set,2025,CEIP Rodriguez de Celis,1014,54.99,1.00,14110
9/12/2018,1LA45300ONL,Certificació Bàsica LEGO Education WeDo 2.0 Online,2025,CEIP Rodriguez de Celis,1014,95.00,1.00,14120
9/12/2018,9998,Garantía anual - No question,2025,CEIP Rodriguez de Celis,1014,38.92,1.00,14110
9/25/2018,45300,LEGO® Education WeDo 2.0 Core Set,2105,CEIP Nuestra Señora de la Paz,1106,285.96,2.00,14110
9/25/2018,9998,Garantía anual - No question,2105,CEIP Nuestra Señora de la Paz,1106,14.30,1.00,14110
9/25/2018,45300,LEGO® Education WeDo 2.0 Core Set,2105,CEIP Nuestra Señora de la Paz,1108,142.98,1.00,14110
9/25/2018,9686,Simple & Powered Machines Set,2105,CEIP Nuestra Señora de la Paz,1108,164.99,1.00,14110
9/25/2018,9998,Garantía anual - No question,2105,CEIP Nuestra Señora de la Paz,1108,15.40,1.00,14110
9/25/2018,45300,LEGO® Education WeDo 2.0 Core Set,2110,Colegio Sagrado Corazón - Fundación Spinola,1112,"1,143.84",8.00,14110
9/25/2018,9998,Garantía anual - No question,2110,Colegio Sagrado Corazón - Fundación Spinola,1112,57.19,1.00,14110
9/25/2018,45544PA12,Pack aula LEGO MINDSTORMS Education EV3 12 alumnos,2113,IES Joanot Martorell,1126,"1,425.55",1.00,14110
9/25/2018,245544,LEGO® MINDSTORMS Education EV3 Core Set + transformador,2113,IES Joanot Martorell,1127,"1,109.97",3.00,14110
9/25/2018,245544,LEGO® MINDSTORMS Education EV3 Core Set + transformador,2113,IES Joanot Martorell,1128,739.98,2.00,14110
9/27/2018,45300,LEGO® Education WeDo 2.0 Core Set,2165,CRA SIGLO XXI,1140,428.94,3.00,14110
10/1/2018,9998,Garantía anual - No question,2176,IES Mar de Alborán,1154,153.22,1.00,14110
10/10/2018,45024,STEAM Park,2264,CEIP Doctor Jimenez Rueda,1278,149.99,1.00,14110
10/10/2018,9656,Early Simple Machines Set,2264,CEIP Doctor Jimenez Rueda,1278,151.49,1.00,14110
10/10/2018,9076,Tubes Experiment Set,2264,CEIP Doctor Jimenez Rueda,1278,111.99,1.00,14110
10/10/2018,45005,StoryTales,2264,CEIP Doctor Jimenez Rueda,1278,96.99,1.00,14110
10/10/2018,45008,Math Train,2264,CEIP Doctor Jimenez Rueda,1278,94.99,1.00,14110
10/10/2018,45300,LEGO® Education WeDo 2.0 Core Set,2265,Stella Maris La Gavia,1279,0.00,5.00,14110
10/10/2018,45544,LEGO® MINDSTORMS® Education EV3 Core Set,2265,Stella Maris La Gavia,1279,0.00,4.00,14110
10/10/2018,45517,Transformer 10V DC,2265,Stella Maris La Gavia,1279,0.00,2.00,14110
10/10/2018,1LA45544,Certificación Básica LEGO MINDSTORMS Education EV3,2265,Stella Maris La Gavia,1279,0.00,1.00,14120
10/10/2018,1LA45300,Certificació Bàsica LEGO Education WeDo 2.0,2265,Stella Maris La Gavia,1279,0.00,1.00,14120
10/24/2018,45300PA6,Pack aula LEGO Education WeDo 2.0 6 alumnes,2333,ESCOLA MAR I CEL,1365,420.35,1.00,14110
10/24/2018,45300,LEGO® Education WeDo 2.0 Core Set,2333,ESCOLA MAR I CEL,1366,142.98,1.00,14110
10/24/2018,1LA45300,Certificació Bàsica LEGO Education WeDo 2.0,2333,ESCOLA MAR I CEL,1367,285.00,3.00,14120
10/24/2018,705001,SERVICIOS PRESTADOS,2333,ESCOLA MAR I CEL,1368,540.00,1.00,14110
10/26/2018,1LA45300,Certificació Bàsica LEGO Education WeDo 2.0,2350,CRECE PLUS S.L.,1390,380.00,4.00,14120
10/26/2018,1LA45544,Certificación Básica LEGO MINDSTORMS Education EV3,2350,CRECE PLUS S.L.,1390,450.00,3.00,14120
10/26/2018,1LA45000,Certificación LEGO Education Infantil,2350,CRECE PLUS S.L.,1390,165.00,3.00,14120
11/12/2018,0,Artículo,2422,Colegio de Fomento Aldeafuente,1463,"4,272.00",10.00,14110
11/12/2018,45544,LEGO® MINDSTORMS® Education EV3 Core Set,2422,Colegio de Fomento Aldeafuente,1463,0.00,10.00,14110
11/12/2018,45560,LEGO® MINDSTORMS® Education EV3 Expansio,2422,Colegio de Fomento Aldeafuente,1463,0.00,10.00,14110
11/12/2018,45517,Transformer 10V DC,2422,Colegio de Fomento Aldeafuente,1463,0.00,10.00,14110
12/4/2018,45300,LEGO® Education WeDo 2.0 Core Set,3187,Col·legi La Presentació,1615,"1,000.86",7.00,14110
12/4/2018,705001,SERVICIOS PRESTADOS,3187,Col·legi La Presentació,1615,540.00,1.00,14110
12/11/2018,45018,"Build Me ""Emotions""",3225,GRUPO LOS CUCOS ATENCION INFANTIL SL,1646,139.98,2.00,14110
12/11/2018,45300,LEGO® Education WeDo 2.0 Core Set,3226,CPB Santa Ana Pedrezuela,1649,857.88,6.00,14110
12/11/2018,9998,Garantía anual - No question,3226,CPB Santa Ana Pedrezuela,1649,42.89,1.00,14110
12/11/2018,9998,Garantía anual - No question,3226,CPB Santa Ana Pedrezuela,1651,85.79,1.00,14110
12/12/2018,9998,Garantía anual - No question,3244,Colegio Villa de Griñón,1659,171.73,1.00,14110
6/27/2018,45544,LEGO® MINDSTORMS® Education EV3 Core Set,39,"SEK ATLANTICO, S.L",632,"3,699.90",10.00,14110
6/27/2018,45300,LEGO® Education WeDo 2.0 Core Set,39,"SEK ATLANTICO, S.L",632,"4,289.40",30.00,14110
6/27/2018,45024,STEAM Park,39,"SEK ATLANTICO, S.L",632,299.98,2.00,14110
7/19/2018,9689,Simple Machines Set,40,"SEK EL CASTILLO, S.L.",763,0.00,12.00,14110
6/27/2018,45544,LEGO® MINDSTORMS® Education EV3 Core Set,43,"SEK CATALUNYA, S.A",633,"9,619.74",26.00,14110
6/27/2018,45300,LEGO® Education WeDo 2.0 Core Set,43,"SEK CATALUNYA, S.A",633,"3,431.52",24.00,14110
6/27/2018,45300,LEGO® Education WeDo 2.0 Core Set,42,"SEK SANTA ISABEL, S.L",635,428.94,3.00,14110
6/7/2018,45544,LEGO® MINDSTORMS® Education EV3 Core Set,41,"SEK CIUDALCAMPO, S.L.",542,"2,219.94",6.00,14110
6/7/2018,45517,Transformer 10V DC,41,"SEK CIUDALCAMPO, S.L.",542,95.97,3.00,14110
6/7/2018,45300,LEGO® Education WeDo 2.0 Core Set,41,"SEK CIUDALCAMPO, S.L.",542,"2,144.70",15.00,14110
6/27/2018,45544,LEGO® MINDSTORMS® Education EV3 Core Set,41,"SEK CIUDALCAMPO, S.L.",636,"2,219.94",6.00,14110
6/27/2018,45300,LEGO® Education WeDo 2.0 Core Set,41,"SEK CIUDALCAMPO, S.L.",636,"2,144.70",15.00,14110
9/4/2018,45300PA24,Pack aula LEGO Education WeDo 2.0 24 alumnos,108,ESCOLA MARE DE DEU DE LA SALUT,950,"3,065.44",2.00,14110
9/23/2018,45300,LEGO® Education WeDo 2.0 Core Set,124,COL·LEGI LES ALZINES,1096,285.96,2.00,14110
9/23/2018,9998,Garantía anual - No question,124,COL·LEGI LES ALZINES,1096,14.29,1.00,14110
11/21/2018,2000418,WS Kit Simple Machines Set,158,ST. PETER'S SCHOOL,1524,0.00,150.00,14110
9/6/2018,2000715,LE Replacement Pack LE WeDo 2.0,158,ST. PETER'S SCHOOL,985,33.45,5.00,14110
11/8/2018,45544,LEGO® MINDSTORMS® Education EV3 Core Set,214,COLEGIO DE FOMENTO MONTECASTELO,1458,0.00,1.00,14110
11/8/2018,45560,LEGO® MINDSTORMS® Education EV3 Expansio,214,COLEGIO DE FOMENTO MONTECASTELO,1458,0.00,1.00,14110
11/8/2018,45517,Transformer 10V DC,214,COLEGIO DE FOMENTO MONTECASTELO,1458,0.00,1.00,14110
6/27/2018,45544,LEGO® MINDSTORMS® Education EV3 Core Set,272,SEK ALBORAN S.L,634,"1,479.96",4.00,14110
6/27/2018,45300,LEGO® Education WeDo 2.0 Core Set,272,SEK ALBORAN S.L,634,"1,715.76",12.00,14110
6/27/2018,45024,STEAM Park,272,SEK ALBORAN S.L,634,599.96,4.00,14110
10/9/2018,705001,SERVICIOS PRESTADOS,273,LEGO SYSTEM A/S,1260,"4,790.00",1.00,14110
10/9/2018,0,Artículo,273,LEGO SYSTEM A/S,1260,0.00,1.00,14110
10/9/2018,0,Artículo,273,LEGO SYSTEM A/S,1260,0.00,1.00,14110
10/9/2018,0,Artículo,273,LEGO SYSTEM A/S,1260,0.00,1.00,14110
10/9/2018,0,Artículo,273,LEGO SYSTEM A/S,1260,0.00,1.00,14110
10/9/2018,0,Artículo,273,LEGO SYSTEM A/S,1260,0.00,1.00,14110
10/9/2018,0,Artículo,273,LEGO SYSTEM A/S,1260,0.00,1.00,14110
10/9/2018,0,Artículo,273,LEGO SYSTEM A/S,1260,0.00,1.00,14110
12/11/2018,2000418,WS Kit Simple Machines Set,273,LEGO SYSTEM A/S,1650,22.50,50.00,14110
12/11/2018,2000447,LE Marketing Kit WeDo 2.0 Mascot,273,LEGO SYSTEM A/S,1650,97.50,150.00,14110
7/20/2018,45300,LEGO® Education WeDo 2.0 Core Set,312,COLEGIO BRAINS,782,285.96,2.00,14110
8/30/2018,45300,LEGO® Education WeDo 2.0 Core Set,312,COLEGIO BRAINS,926,"1,143.84",8.00,14110
8/30/2018,45300,LEGO® Education WeDo 2.0 Core Set,312,COLEGIO BRAINS,927,"1,143.84",8.00,14110
8/30/2018,45300,LEGO® Education WeDo 2.0 Core Set,312,COLEGIO BRAINS,928,285.96,2.00,14110
7/10/2018,45544,LEGO® MINDSTORMS® Education EV3 Core Set,513,COLEGIO CASA AZUL,724,"1,479.96",4.00,14110
7/10/2018,45560,LEGO® MINDSTORMS® Education EV3 Expansio,513,COLEGIO CASA AZUL,730,435.96,4.00,14110
9/23/2018,45300,LEGO® Education WeDo 2.0 Core Set,541,ALCORAC S.L.,1088,"1,429.80",10.00,14110
9/23/2018,45544PA12,Pack aula LEGO MINDSTORMS Education EV3 12 alumnos,541,ALCORAC S.L.,1088,"1,425.55",1.00,14110
10/23/2018,245544,LEGO® MINDSTORMS Education EV3 Core Set + transformador,754,AYUNTAMIENTO DE LA LAGUNA (CONCEJALÍA DE EDUCACIÓN),1348,"2,589.93",7.00,14110
10/23/2018,45517,Transformer 10V DC,754,AYUNTAMIENTO DE LA LAGUNA (CONCEJALÍA DE EDUCACIÓN),1348,95.97,3.00,14110
10/23/2018,45560,LEGO® MINDSTORMS® Education EV3 Expansio,754,AYUNTAMIENTO DE LA LAGUNA (CONCEJALÍA DE EDUCACIÓN),1348,326.97,3.00,14110
11/9/2018,245544,LEGO® MINDSTORMS Education EV3 Core Set + transformador,754,AYUNTAMIENTO DE LA LAGUNA (CONCEJALÍA DE EDUCACIÓN),1459,"2,589.93",7.00,14110
11/9/2018,45517,Transformer 10V DC,754,AYUNTAMIENTO DE LA LAGUNA (CONCEJALÍA DE EDUCACIÓN),1459,95.97,3.00,14110
11/9/2018,45560,LEGO® MINDSTORMS® Education EV3 Expansio,754,AYUNTAMIENTO DE LA LAGUNA (CONCEJALÍA DE EDUCACIÓN),1459,326.97,3.00,14110
6/27/2018,45024,STEAM Park,952,Col·legi Pare Enric d'Ossó,639,299.98,2.00,14110
6/27/2018,45544,LEGO® MINDSTORMS® Education EV3 Core Set,952,Col·legi Pare Enric d'Ossó,639,739.98,2.00,14110
6/6/2018,45300,LEGO® Education WeDo 2.0 Core Set,978,Colegio Bilingüe La Latina,532,"1,715.76",12.00,14110
6/6/2018,45544,LEGO® MINDSTORMS® Education EV3 Core Set,978,Colegio Bilingüe La Latina,533,"2,959.92",8.00,14110
6/6/2018,45517,Transformer 10V DC,978,Colegio Bilingüe La Latina,533,127.96,4.00,14110
7/20/2018,45300,LEGO® Education WeDo 2.0 Core Set,1044,Colegio Brains,783,285.96,2.00,14110
6/27/2018,45544,LEGO® MINDSTORMS® Education EV3 Core Set,1111,Institut Nicolau Copèrnic,628,739.98,2.00,14110
3/22/2018,1LA45300,Certificació Bàsica LEGO Education WeDo 2.0,1568,Escola Lledoner,322,95.00,1.00,14120
4/18/2018,1LA45300,Certificació Bàsica LEGO Education WeDo 2.0,1615,Michelle Wallis Delgado,371,47.50,1.00,14120
5/24/2018,45300,LEGO® Education WeDo 2.0 Core Set,1694,Colegio Casa de la Virgen,492,"1,143.84",8.00,14110
5/24/2018,45300,LEGO® Education WeDo 2.0 Core Set,1694,Colegio Casa de la Virgen,494,857.88,6.00,14110
5/24/2018,45544,LEGO® MINDSTORMS® Education EV3 Core Set,1694,Colegio Casa de la Virgen,494,"2,219.94",6.00,14110
6/4/2018,45300,LEGO® Education WeDo 2.0 Core Set,1728,CEIP Castilla y Leon Aguilar de Campoo,520,571.92,4.00,14110
6/27/2018,245544,LEGO® MINDSTORMS Education EV3 Core Set + transformador,1818,AMPA ANTARES,638,369.99,1.00,14110
8/30/2018,45024,STEAM Park,1903,Juan Ángel Larumbe,929,149.99,1.00,14110
8/30/2018,9689,Simple Machines Set,1903,Juan Ángel Larumbe,929,54.99,1.00,14110
8/31/2018,45300,LEGO® Education WeDo 2.0 Core Set,1964,COLEGIO BRAINS,932,"1,143.84",8.00,14110
8/31/2018,45300,LEGO® Education WeDo 2.0 Core Set,1964,COLEGIO BRAINS,933,"1,143.84",8.00,14110
8/31/2018,45300,LEGO® Education WeDo 2.0 Core Set,1964,COLEGIO BRAINS,934,285.96,2.00,14110
9/12/2018,9689,Simple Machines Set,2027,CEIP Saltells,1015,329.94,6.00,14110
10/10/2018,45300,LEGO® Education WeDo 2.0 Core Set,2264,CEIP Doctor Jimenez Rueda,1278,142.98,1.00,14110
6/29/2017,1LA45544E,¡INTENSIVO! - Introducción a la robótica con LEGO MINDSTORMS Education EV3,12,"ESTUDIO AGORA, S.A.",558,150,1.00,14120
9/12/2017,45544,LEGO® MINDSTORMS® Education EV3 Core Set,14,COLEGIO DE FOMENTO ALDOVEA,838,2219.94,6.00,14110
9/21/2017,45300PI-24,Solución Primaria 24 alumnos - PLAN ACOMPAÑAMIENTO INMEDIATO,14,COLEGIO DE FOMENTO ALDOVEA,928,1673.61,1.00,14110
6/23/2017,705001,SERVICIOS PRESTADOS,35,"BARCELONA ACTIVA SAU, SPM",508,2400,40.00,14120
6/9/2017,45544,LEGO® MINDSTORMS® Education EV3 Core Set,41,"SEK CIUDALCAMPO, S.L.",431,2219.94,6.00,14110
6/9/2017,45300,LEGO® Education WeDo 2.0 Core Set,41,"SEK CIUDALCAMPO, S.L.",431,714.95,5.00,14110
6/9/2017,20150,LEGO Architecture Studio,41,"SEK CIUDALCAMPO, S.L.",431,280.96,2.00,14110
11/6/2017,705001,SERVICIOS PRESTADOS,35,"BARCELONA ACTIVA SAU, SPM",994,240,4.00,14120
10/11/2017,705001,SERVICIOS PRESTADOS,35,"BARCELONA ACTIVA SAU, SPM",993,240,4.00,14120
10/4/2017,705001,SERVICIOS PRESTADOS,35,"BARCELONA ACTIVA SAU, SPM",995,240,4.00,14120
6/9/2017,45300,LEGO® Education WeDo 2.0 Core Set,74,ESCUELAS PEREZ IBORRA S.L.,433,0,24.00,14110
6/9/2017,9580,LEGO Education WeDo Construction Set,74,ESCUELAS PEREZ IBORRA S.L.,435,0,4.00,14110
6/9/2017,9580,LEGO Education WeDo Construction Set,74,ESCUELAS PEREZ IBORRA S.L.,436,0,17.00,14110
6/9/2017,45300,LEGO® Education WeDo 2.0 Core Set,105,FUNDACIO ESCOLA MOWGLI,432,571.96,4.00,14110
3/9/2017,45300,LEGO® Education WeDo 2.0 Core Set,137,FUNDACIÓN PRIVADA BENJAMIN FRANKLIN,188,285.98,2.00,14130
3/9/2017,705001,SERVICIOS PRESTADOS,137,FUNDACIÓN PRIVADA BENJAMIN FRANKLIN,188,-14.3,-1.00,14130
7/18/2017,45544,LEGO® MINDSTORMS® Education EV3 Core Set,104,ESCOLA PETIT ESTEL - LA NOVA SL,654,8879.76,24.00,14110
7/18/2017,45560,LEGO® MINDSTORMS® Education EV3 Expansio,104,ESCOLA PETIT ESTEL - LA NOVA SL,654,629.94,6.00,14110
7/18/2017,45517,Transformer 10V DC,104,ESCOLA PETIT ESTEL - LA NOVA SL,654,371.88,12.00,14110
7/18/2017,45300,LEGO® Education WeDo 2.0 Core Set,104,ESCOLA PETIT ESTEL - LA NOVA SL,654,571.96,4.00,14110
6/15/2017,45517,Transformer 10V DC,125,COL·LEGI NATZARET,478,92.97,3.00,14110
6/15/2017,45544,LEGO® MINDSTORMS® Education EV3 Core Set,125,COL·LEGI NATZARET,479,1479.96,4.00,14110
6/15/2017,45517,Transformer 10V DC,125,COL·LEGI NATZARET,479,61.98,2.00,14110
6/15/2017,45544,LEGO® MINDSTORMS® Education EV3 Core Set,125,COL·LEGI NATZARET,480,2959.92,8.00,14110
6/15/2017,45517,Transformer 10V DC,125,COL·LEGI NATZARET,480,123.96,4.00,14110
9/14/2017,45544,LEGO® MINDSTORMS® Education EV3 Core Set,130,ESCOLA LA PARELLADA,867,739.98,2.00,14110
6/28/2017,45544,LEGO® MINDSTORMS® Education EV3 Core Set,124,COL·LEGI LES ALZINES,554,1479.96,4.00,14110
6/28/2017,45517,Transformer 10V DC,124,COL·LEGI LES ALZINES,554,61.98,2.00,14110
6/28/2017,1LA45544,Certificación Básica LEGO MINDSTORMS Education EV3,124,COL·LEGI LES ALZINES,554,150,1.00,14120
6/15/2017,45544,LEGO® MINDSTORMS® Education EV3 Core Set,125,COL·LEGI NATZARET,478,2219.94,6.00,14110
12/31/2017,705001,SERVICIOS PRESTADOS,144,FUNDACIÓN RAFAEL DEL PINO,1346,15834,1.00,14110
12/31/2017,705001,SERVICIOS PRESTADOS,144,FUNDACIÓN RAFAEL DEL PINO,1347,9135,1.00,14110
12/31/2017,705001,SERVICIOS PRESTADOS,144,FUNDACIÓN RAFAEL DEL PINO,1348,853,1.00,14110
5/31/2017,705001,SERVICIOS PRESTADOS,145,"PARC D'ATRACCIONS DEL TIBIDABO, S.A.U.",308,2000,1.00,14130
9/6/2017,45300,LEGO® Education WeDo 2.0 Core Set,307,ESCOLA MARE DE DEU DELS ANGELS,821,1286.91,9.00,14110
9/6/2017,45300,LEGO® Education WeDo 2.0 Core Set,307,ESCOLA MARE DE DEU DELS ANGELS,822,714.95,5.00,14110
11/17/2017,45300,LEGO® Education WeDo 2.0 Core Set,323,FUNDACIO JESUÏTES EDUCACIO - SANT GERVASI,1197,285.98,2.00,14110
2/21/2017,45300,LEGO® Education WeDo 2.0 Core Set,442,COLEGIO SANTISIMA TRINIDAD,152,0,13.00,14110
2/21/2017,45544,LEGO® MINDSTORMS® Education EV3 Core Set,442,COLEGIO SANTISIMA TRINIDAD,153,0,8.00,14110
2/21/2017,45517,Transformer 10V DC,442,COLEGIO SANTISIMA TRINIDAD,153,0,4.00,14110
2/21/2017,9686,Simple & Powered Machines Set,442,COLEGIO SANTISIMA TRINIDAD,154,0,13.00,14110
5/4/2017,45100,StoryStarter Core Set,472,MARIA DE LOS REYES FERNANDEZ FERNANDEZ,317,3539.7,30.00,14110
9/5/2017,45544,LEGO® MINDSTORMS® Education EV3 Core Set,306,COL·LEGI MARE DE DÉU DE LA MERCÈ,808,2959.92,8.00,14110
5/24/2017,705001,SERVICIOS PRESTADOS,414,AMPA BONAVISTA,369,540,1.00,14110
3/21/2017,45544,LEGO® MINDSTORMS® Education EV3 Core Set,407,FEDAC GUISSONA,224,369.99,1.00,14110
3/21/2017,45560,LEGO® MINDSTORMS® Education EV3 Expansio,407,FEDAC GUISSONA,224,209.98,2.00,14110
3/21/2017,45514,EV3 Cable Pack,407,FEDAC GUISSONA,224,16.49,1.00,14110
5/24/2017,45300,LEGO® Education WeDo 2.0 Core Set,414,AMPA BONAVISTA,367,0,7.00,14110
5/24/2017,45100,StoryStarter Core Set,414,AMPA BONAVISTA,368,353.97,3.00,14110
6/15/2017,45544,LEGO® MINDSTORMS® Education EV3 Core Set,497,"FOMENTO DE CENTROS DE ENSEÑANZA, SA - COLEGIO MONTEAGUDO-NELVA",476,2589.93,7.00,14110
6/15/2017,45560,LEGO® MINDSTORMS® Education EV3 Expansio,497,"FOMENTO DE CENTROS DE ENSEÑANZA, SA - COLEGIO MONTEAGUDO-NELVA",476,209.98,2.00,14110
6/15/2017,45517,Transformer 10V DC,497,"FOMENTO DE CENTROS DE ENSEÑANZA, SA - COLEGIO MONTEAGUDO-NELVA",476,30.99,1.00,14110
6/15/2017,45570,EV3 Space Challenge Set,497,"FOMENTO DE CENTROS DE ENSEÑANZA, SA - COLEGIO MONTEAGUDO-NELVA",476,189.99,1.00,14110
10/18/2017,45517,Transformer 10V DC,501,INSTITUT DOMÈNEC PERRAMON,1061,30.99,1.00,14110
4/3/2017,45544,LEGO® MINDSTORMS® Education EV3 Core Set,533,INTERNATIONAL SCHOOL PEÑISCOLA SL,250,369.99,1.00,14110
4/3/2017,45560,LEGO® MINDSTORMS® Education EV3 Expansio,533,INTERNATIONAL SCHOOL PEÑISCOLA SL,250,104.99,1.00,14110
10/5/2017,45502,EV3 Large Servo Motor,541,ALCORAC S.L.,999,92.97,3.00,14110
1/24/2017,45300,LEGO® Education WeDo 2.0 Core Set,546,FPEVB - JOAQUIMA VEDRUNA TERRASSA,52,1858.87,13.00,14110
1/24/2017,9686,Simple & Powered Machines Set,546,FPEVB - JOAQUIMA VEDRUNA TERRASSA,52,1439.91,9.00,14110
1/24/2017,9641,Pneumatics Add-on Set,546,FPEVB - JOAQUIMA VEDRUNA TERRASSA,52,749.9,10.00,14110
1/24/2017,705001,SERVICIOS PRESTADOS,546,FPEVB - JOAQUIMA VEDRUNA TERRASSA,52,-202.43,-1.00,14110
1/24/2017,45300,LEGO® Education WeDo 2.0 Core Set,546,FPEVB - JOAQUIMA VEDRUNA TERRASSA,53,1286.91,9.00,14110
1/24/2017,9686,Simple & Powered Machines Set,546,FPEVB - JOAQUIMA VEDRUNA TERRASSA,53,1439.91,9.00,14110
1/24/2017,9641,Pneumatics Add-on Set,546,FPEVB - JOAQUIMA VEDRUNA TERRASSA,53,449.94,6.00,14110
1/24/2017,705001,SERVICIOS PRESTADOS,546,FPEVB - JOAQUIMA VEDRUNA TERRASSA,53,-158.38,-1.00,14110
5/31/2017,458039585,CERTIFICACIÓN AVANZADA LEGO MINDSTORMS EDUCATION EV3 - FECHAS Y HORARIO  : 24 Y 26 DE MAYO (DE 17.30,552,FUNDACIÓ PRIVADA EDUCATIVA VEDRUNA ÀNGELS,396,90,1.00,14120
9/21/2017,245544,LEGO® MINDSTORMS Education EV3 Core Set + transformador,581,COLEGIO SANTO DOMINGO NAZARET,918,369.99,1.00,14110
8/28/2017,17101,LEGO BOOST,599,Asociación Sociocultural Englóbate Canarias,769,132.22,1.00,14110
6/7/2017,BLED112,BLED112-A-V1,573,ANA VILLAMOR DIAZ,423,24,2.00,14110
10/3/2017,9689,Simple Machines Set,633,FEDAC PRATS,988,106.14,2.00,14110
10/3/2017,2000715,LE Replacement Pack LE WeDo 2.0,633,FEDAC PRATS,988,6.49,1.00,14110
11/28/2017,45300,LEGO® Education WeDo 2.0 Core Set,642,FEM COL·LEGI LA MERCED BARCELONA,1231,428.97,3.00,14110
10/26/2017,45300,LEGO® Education WeDo 2.0 Core Set,659,ESCOLA SANTA MARIA DEL MAR,1091,857.94,6.00,14110
11/14/2017,45560,LEGO® MINDSTORMS® Education EV3 Expansio,661,COLEGIO BALMES SL,1175,104.99,1.00,14110
11/14/2017,45506,EV3 Color Sensor,661,COLEGIO BALMES SL,1175,110.97,3.00,14110
11/14/2017,45502,EV3 Large Servo Motor,661,COLEGIO BALMES SL,1175,61.98,2.00,14110
11/14/2017,45503,EV3 Medium Servo Motor,661,COLEGIO BALMES SL,1175,80.97,3.00,14110
9/19/2017,45544,LEGO® MINDSTORMS® Education EV3 Core Set,670,"COGNITA BSB SITGES, S.L.",892,4439.88,12.00,14110
9/19/2017,45300,LEGO® Education WeDo 2.0 Core Set,670,"COGNITA BSB SITGES, S.L.",892,1286.91,9.00,14110
9/19/2017,45517,Transformer 10V DC,670,"COGNITA BSB SITGES, S.L.",892,185.94,6.00,14110
2/9/2017,45544,LEGO® MINDSTORMS® Education EV3 Core Set,671,FPEVB - COL·LEGI LA IMMACULADA (SABADELL),110,4439.88,12.00,14110
2/9/2017,45517,Transformer 10V DC,671,FPEVB - COL·LEGI LA IMMACULADA (SABADELL),110,185.94,6.00,14110
2/9/2017,705001,SERVICIOS PRESTADOS,671,FPEVB - COL·LEGI LA IMMACULADA (SABADELL),110,-240,-1.00,14110
3/17/2017,45544,LEGO® MINDSTORMS® Education EV3 Core Set,671,FPEVB - COL·LEGI LA IMMACULADA (SABADELL),209,0,8.00,14110
3/17/2017,45517,Transformer 10V DC,671,FPEVB - COL·LEGI LA IMMACULADA (SABADELL),209,0,4.00,14110
3/17/2017,45570,EV3 Space Challenge Set,671,FPEVB - COL·LEGI LA IMMACULADA (SABADELL),209,0,1.00,14110
3/17/2017,45300,LEGO® Education WeDo 2.0 Core Set,671,FPEVB - COL·LEGI LA IMMACULADA (SABADELL),209,0,13.00,14110
3/17/2017,45100,StoryStarter Core Set,671,FPEVB - COL·LEGI LA IMMACULADA (SABADELL),209,0,5.00,14110
11/6/2017,9689,Simple Machines Set,676,SANTA MARIA DELS APÒSTOLS,1127,371.49,7.00,14110
2/20/2017,45544,LEGO® MINDSTORMS® Education EV3 Core Set,697,FUNDACIÓ PRIVADA ELS ARCS,149,739.98,2.00,14110
2/20/2017,45517,Transformer 10V DC,697,FUNDACIÓ PRIVADA ELS ARCS,149,30.99,1.00,14110
2/20/2017,705001,SERVICIOS PRESTADOS,697,FUNDACIÓ PRIVADA ELS ARCS,149,-38.55,-1.00,14110
12/12/2017,51566,VEXIA PORTABLET STRONGER HEY!,704,ROBOTIX MALLORCA SL,1269,10400,40.00,14110
2/3/2017,9580,LEGO Education WeDo Construction Set,715,CEIP GINÉS GARCÍA MARTÍNEZ,91,839.94,6.00,14110
2/3/2017,9585,LEGO® Education WeDo™ Resource set,715,CEIP GINÉS GARCÍA MARTÍNEZ,91,52.99,1.00,14110
2/3/2017,705001,SERVICIOS PRESTADOS,715,CEIP GINÉS GARCÍA MARTÍNEZ,91,-44.65,-1.00,14110
2/6/2017,45300,LEGO® Education WeDo 2.0 Core Set,715,CEIP GINÉS GARCÍA MARTÍNEZ,96,857.94,6.00,14110
2/6/2017,705001,SERVICIOS PRESTADOS,715,CEIP GINÉS GARCÍA MARTÍNEZ,96,-42.9,-1.00,14110
8/30/2017,45300,LEGO® Education WeDo 2.0 Core Set,741,ESCOLA JOAQUIM BLUME,784,857.94,6.00,14110
8/30/2017,45210,MoreToMath Core Set 1 - 2,741,ESCOLA JOAQUIM BLUME,784,314.94,6.00,14110
10/23/2017,45544,LEGO® MINDSTORMS® Education EV3 Core Set,744,COLEGIO NUESTRA SEÑORA DE LA SALUD - MARISTAS ALGEMESÍ,1076,1109.97,3.00,14110
11/10/2017,705001,SERVICIOS PRESTADOS,754,AYUNTAMIENTO DE LA LAGUNA (CONCEJALÍA DE EDUCACIÓN),1165,204.45,1.00,14110
10/9/2017,9580,LEGO Education WeDo Construction Set,779,CREATIC ACADEMY SL,1015,419.97,3.00,14110
10/9/2017,45544,LEGO® MINDSTORMS® Education EV3 Core Set,779,CREATIC ACADEMY SL,1015,369.99,1.00,14110
10/9/2017,45517,Transformer 10V DC,779,CREATIC ACADEMY SL,1015,30.99,1.00,14110
10/9/2017,45560,LEGO® MINDSTORMS® Education EV3 Expansio,779,CREATIC ACADEMY SL,1015,104.99,1.00,14110
3/20/2017,45506,EV3 Color Sensor,802,IES HERMANOS AMORÓS,219,147.96,4.00,14110
2/8/2017,45300,LEGO® Education WeDo 2.0 Core Set,806,CRP PALLARS JUSSÀ,109,0,5.00,14110
2/8/2017,705001,SERVICIOS PRESTADOS,806,CRP PALLARS JUSSÀ,109,967.9,1.00,14110
2/8/2017,45302,Smarthub Rechargeable Battery,806,CRP PALLARS JUSSÀ,109,0,5.00,14110
2/8/2017,45517,Transformer 10V DC,806,CRP PALLARS JUSSÀ,109,0,2.00,14110
4/21/2017,45544,LEGO® MINDSTORMS® Education EV3 Core Set,837,INSTITUT INFANTA ISABEL D'ARAGÓ,289,7399.8,20.00,14110
4/21/2017,45560,LEGO® MINDSTORMS® Education EV3 Expansio,837,INSTITUT INFANTA ISABEL D'ARAGÓ,289,1049.9,10.00,14110
4/21/2017,45517,Transformer 10V DC,837,INSTITUT INFANTA ISABEL D'ARAGÓ,289,247.92,8.00,14110
4/21/2017,45544,LEGO® MINDSTORMS® Education EV3 Core Set,837,INSTITUT INFANTA ISABEL D'ARAGÓ,289,0,4.00,14110
4/21/2017,45560,LEGO® MINDSTORMS® Education EV3 Expansio,837,INSTITUT INFANTA ISABEL D'ARAGÓ,289,0,2.00,14110
4/21/2017,45517,Transformer 10V DC,837,INSTITUT INFANTA ISABEL D'ARAGÓ,289,0,2.00,14110
2/13/2017,45544,LEGO® MINDSTORMS® Education EV3 Core Set,851,IES ALBUHAIRA,125,2219.94,6.00,14110
2/13/2017,45517,Transformer 10V DC,851,IES ALBUHAIRA,125,92.97,3.00,14110
2/13/2017,705001,SERVICIOS PRESTADOS,851,IES ALBUHAIRA,125,-145,-1.00,14110
3/21/2017,51566,VEXIA PORTABLET STRONGER HEY!,854,EULEN S.A.,226,10400,40.00,14110
10/11/2017,45544,LEGO® MINDSTORMS® Education EV3 Core Set,860,CEIP PEDRO GUTIERREZ,1034,2219.94,6.00,14110
10/11/2017,45517,Transformer 10V DC,860,CEIP PEDRO GUTIERREZ,1034,92.97,3.00,14110
10/11/2017,45544,LEGO® MINDSTORMS® Education EV3 Core Set,860,CEIP PEDRO GUTIERREZ,1035,1849.95,5.00,14110
10/11/2017,45517,Transformer 10V DC,860,CEIP PEDRO GUTIERREZ,1035,61.98,2.00,14110
3/9/2017,45544,LEGO® MINDSTORMS® Education EV3 Core Set,866,IES DOÑANA,186,369.99,1.00,14110
3/21/2017,45544,LEGO® MINDSTORMS® Education EV3 Core Set,872,COLEGIO DIOCESANO SANTA CLARA,228,739.98,2.00,14110
3/21/2017,45517,Transformer 10V DC,872,COLEGIO DIOCESANO SANTA CLARA,228,30.99,1.00,14110
5/11/2017,45300,LEGO® Education WeDo 2.0 Core Set,901,ESCOLA PAIDOS,328,714.95,5.00,14110
5/11/2017,45300,LEGO® Education WeDo 2.0 Core Set,901,ESCOLA PAIDOS,329,1429.9,10.00,14110
12/11/2017,45544,LEGO® MINDSTORMS® Education EV3 Core Set,901,ESCOLA PAIDOS,1264,739.98,2.00,14110
5/12/2017,45300,LEGO® Education WeDo 2.0 Core Set,904,ESCOLA OCTAVIO PAZ,335,857.94,6.00,14110
5/15/2017,45300,LEGO® Education WeDo 2.0 Core Set,905,CEIP Joaquín Costa,339,714.95,5.00,14110
5/15/2017,45300,LEGO® Education WeDo 2.0 Core Set,906,Colegio Sagrado Corazón HH. Maristas,342,9151.36,64.00,14110
5/15/2017,45544,LEGO® MINDSTORMS® Education EV3 Core Set,906,Colegio Sagrado Corazón HH. Maristas,343,8139.78,22.00,14110
5/15/2017,45517,Transformer 10V DC,906,Colegio Sagrado Corazón HH. Maristas,343,340.89,11.00,14110
6/12/2017,51566,VEXIA PORTABLET STRONGER HEY!,908,EMPAR SIMÓ CALL,443,1153.72,4.00,14110
6/12/2017,45544,LEGO® MINDSTORMS® Education EV3 Core Set,908,EMPAR SIMÓ CALL,444,3699.9,10.00,14120
6/12/2017,45517,Transformer 10V DC,908,EMPAR SIMÓ CALL,444,123.96,4.00,14120
5/23/2017,45300,LEGO® Education WeDo 2.0 Core Set,915,Escola La Roureda,362,714.95,5.00,14110
5/23/2017,45544,LEGO® MINDSTORMS® Education EV3 Core Set,915,Escola La Roureda,363,1479.96,4.00,14110
5/23/2017,45517,Transformer 10V DC,915,Escola La Roureda,363,61.98,2.00,14110
5/24/2017,45110,BuildToExpress Core Set,916,Institut la Ribera,365,1089,25.00,14110
5/24/2017,45100,StoryStarter Core Set,916,Institut la Ribera,366,825.93,7.00,14110
5/24/2017,45019,Creative LEGO® DUPLO® Brick Set,918,COLEGIO BILINGUE DE CASTILLEJA SL - YAGO SCHOOL,370,559.9,10.00,14110
5/24/2017,45020,Creative LEGO® Brick Set,918,COLEGIO BILINGUE DE CASTILLEJA SL - YAGO SCHOOL,370,55.99,1.00,14110
5/24/2017,9656,Early Simple Machines Set,918,COLEGIO BILINGUE DE CASTILLEJA SL - YAGO SCHOOL,370,1322.91,9.00,14110
5/24/2017,9580,LEGO Education WeDo Construction Set,918,COLEGIO BILINGUE DE CASTILLEJA SL - YAGO SCHOOL,370,1399.9,10.00,14110
5/24/2017,45300,LEGO® Education WeDo 2.0 Core Set,918,COLEGIO BILINGUE DE CASTILLEJA SL - YAGO SCHOOL,370,1429.9,10.00,14110
5/24/2017,705001,SERVICIOS PRESTADOS,918,COLEGIO BILINGUE DE CASTILLEJA SL - YAGO SCHOOL,371,540,1.00,14120
5/24/2017,705001,SERVICIOS PRESTADOS,918,COLEGIO BILINGUE DE CASTILLEJA SL - YAGO SCHOOL,371,540,1.00,14120
5/24/2017,705001,SERVICIOS PRESTADOS,918,COLEGIO BILINGUE DE CASTILLEJA SL - YAGO SCHOOL,371,1440,1.00,14120
7/18/2017,45019,Creative LEGO® DUPLO® Brick Set,918,COLEGIO BILINGUE DE CASTILLEJA SL - YAGO SCHOOL,652,559.9,10.00,14110
7/18/2017,9656,Early Simple Machines Set,918,COLEGIO BILINGUE DE CASTILLEJA SL - YAGO SCHOOL,652,1469.9,10.00,14110
7/18/2017,9580,LEGO Education WeDo Construction Set,918,COLEGIO BILINGUE DE CASTILLEJA SL - YAGO SCHOOL,652,1539.89,11.00,14110
7/18/2017,45300,LEGO® Education WeDo 2.0 Core Set,918,COLEGIO BILINGUE DE CASTILLEJA SL - YAGO SCHOOL,652,1572.89,11.00,14110
7/18/2017,45544,LEGO® MINDSTORMS® Education EV3 Core Set,918,COLEGIO BILINGUE DE CASTILLEJA SL - YAGO SCHOOL,652,2959.92,8.00,14110
7/18/2017,45517,Transformer 10V DC,918,COLEGIO BILINGUE DE CASTILLEJA SL - YAGO SCHOOL,652,123.96,4.00,14110
5/25/2017,45544,LEGO® MINDSTORMS® Education EV3 Core Set,920,"COLEGIO KENSINGTON SCHOOL, S.A.",379,1479.96,4.00,14110
5/25/2017,45517,Transformer 10V DC,920,"COLEGIO KENSINGTON SCHOOL, S.A.",379,61.98,2.00,14110
6/15/2017,1LA45544E,¡INTENSIVO! - Introducción a la robótica con LEGO MINDSTORMS Education EV3,920,"COLEGIO KENSINGTON SCHOOL, S.A.",477,450,3.00,14120
5/26/2017,45300,LEGO® Education WeDo 2.0 Core Set,922,Escola Maria Cubí i Soler,380,857.94,6.00,14110
5/26/2017,51566,VEXIA PORTABLET STRONGER HEY!,922,Escola Maria Cubí i Soler,381,288.43,1.00,14110
5/26/2017,45300,LEGO® Education WeDo 2.0 Core Set,923,Escola Sant Sebastià,383,428.97,3.00,14110
5/26/2017,45544,LEGO® MINDSTORMS® Education EV3 Core Set,923,Escola Sant Sebastià,383,1109.97,3.00,14110
5/26/2017,45517,Transformer 10V DC,923,Escola Sant Sebastià,383,61.98,2.00,14110
5/26/2017,51566,VEXIA PORTABLET STRONGER HEY!,923,Escola Sant Sebastià,384,329.75,1.00,14110
5/26/2017,45300,LEGO® Education WeDo 2.0 Core Set,924,Escola Mare de Déu de Montserrat,386,857.94,6.00,14110
5/26/2017,51566,VEXIA PORTABLET STRONGER HEY!,924,Escola Mare de Déu de Montserrat,387,329.75,1.00,14110
6/1/2017,45300,LEGO® Education WeDo 2.0 Core Set,932,Escola Mirèia,405,1715.88,12.00,14110
6/1/2017,45544,LEGO® MINDSTORMS® Education EV3 Core Set,932,Escola Mirèia,405,1849.95,5.00,14110
6/1/2017,45517,Transformer 10V DC,932,Escola Mirèia,405,61.98,2.00,14110
6/2/2017,45544,LEGO® MINDSTORMS® Education EV3 Core Set,936,"Rasos de Peguera, SCCL.",413,1849.95,5.00,14110
6/2/2017,45517,Transformer 10V DC,936,"Rasos de Peguera, SCCL.",413,92.97,3.00,14110
6/2/2017,45005,StoryTales,936,"Rasos de Peguera, SCCL.",415,187.98,2.00,14110
6/2/2017,9656,Early Simple Machines Set,936,"Rasos de Peguera, SCCL.",415,440.97,3.00,14110
6/6/2017,45544,LEGO® MINDSTORMS® Education EV3 Core Set,938,Col·legi Jardí,417,3699.9,10.00,14110
6/6/2017,45517,Transformer 10V DC,938,Col·legi Jardí,417,154.95,5.00,14110
6/6/2017,45300,LEGO® Education WeDo 2.0 Core Set,938,Col·legi Jardí,417,1858.87,13.00,14110
6/9/2017,45300,LEGO® Education WeDo 2.0 Core Set,945,Escola Roser Capdevila,437,0,6.00,14110
6/12/2017,51566,VEXIA PORTABLET STRONGER HEY!,948,Escola Bernat Desclot,445,1560,6.00,14110
6/15/2017,45300,LEGO® Education WeDo 2.0 Core Set,948,Escola Bernat Desclot,465,1000.93,7.00,14110
6/12/2017,45300,LEGO® Education WeDo 2.0 Core Set,949,Escola Margalló,447,857.94,6.00,14110
6/12/2017,51566,VEXIA PORTABLET STRONGER HEY!,950,IES El Suí,448,1153.72,4.00,14110
6/12/2017,45544,LEGO® MINDSTORMS® Education EV3 Core Set,950,IES El Suí,449,3699.9,10.00,14110
6/12/2017,45517,Transformer 10V DC,950,IES El Suí,449,123.96,4.00,14110
6/13/2017,45544,LEGO® MINDSTORMS® Education EV3 Core Set,952,Col·legi Pare Enric d'Ossó,456,739.98,2.00,14110
9/20/2017,45300,LEGO® Education WeDo 2.0 Core Set,956,Col·legi La Salle Montcada,908,714.95,5.00,14110
6/15/2017,1LA45544,Certificación Básica LEGO MINDSTORMS Education EV3,957,Colegio Santa Gema Galbani,482,300,2.00,14120
6/22/2017,45300,LEGO® Education WeDo 2.0 Core Set,962,Educación alfa y Omega,497,5004.65,35.00,14110
6/22/2017,45300,LEGO® Education WeDo 2.0 Core Set,962,Educación alfa y Omega,500,3002.79,21.00,14110
6/22/2017,1LA9580,Certificación Básica LEGO Education WeDo,962,Educación alfa y Omega,500,570,6.00,14120
6/22/2017,45544,LEGO® MINDSTORMS® Education EV3 Core Set,962,Educación alfa y Omega,500,6289.83,17.00,14110
6/22/2017,45517,Transformer 10V DC,962,Educación alfa y Omega,500,278.91,9.00,14110
6/22/2017,1LA45544,Certificación Básica LEGO MINDSTORMS Education EV3,962,Educación alfa y Omega,500,900,6.00,14120
6/22/2017,45544,LEGO® MINDSTORMS® Education EV3 Core Set,964,COLEGIO MIRALVENT,502,0,5.00,14110
6/22/2017,45517,Transformer 10V DC,964,COLEGIO MIRALVENT,502,0,3.00,14110
6/22/2017,45300,LEGO® Education WeDo 2.0 Core Set,964,COLEGIO MIRALVENT,502,0,7.00,14110
6/22/2017,45544,LEGO® MINDSTORMS® Education EV3 Core Set,964,COLEGIO MIRALVENT,503,0,10.00,14110
6/22/2017,45517,Transformer 10V DC,964,COLEGIO MIRALVENT,503,0,5.00,14110
6/22/2017,45300,LEGO® Education WeDo 2.0 Core Set,964,COLEGIO MIRALVENT,503,0,15.00,14110
7/18/2017,45300,LEGO® Education WeDo 2.0 Core Set,964,COLEGIO MIRALVENT,658,0,10.00,14110
7/18/2017,45302,Smarthub Rechargeable Battery,964,COLEGIO MIRALVENT,658,0,10.00,14110
7/18/2017,45517,Transformer 10V DC,964,COLEGIO MIRALVENT,658,0,10.00,14110
7/18/2017,45544,LEGO® MINDSTORMS® Education EV3 Core Set,964,COLEGIO MIRALVENT,658,0,8.00,14110
7/18/2017,45517,Transformer 10V DC,964,COLEGIO MIRALVENT,658,0,8.00,14110
7/18/2017,45560,LEGO® MINDSTORMS® Education EV3 Expansio,964,COLEGIO MIRALVENT,658,0,4.00,14110
6/22/2017,45544,LEGO® MINDSTORMS® Education EV3 Core Set,965,Col·legi Sant Gervasi,504,1849.95,5.00,14110
6/22/2017,45517,Transformer 10V DC,965,Col·legi Sant Gervasi,504,92.97,3.00,14110
11/21/2017,45300,LEGO® Education WeDo 2.0 Core Set,965,Col·legi Sant Gervasi,1213,1143.92,8.00,14110
6/23/2017,45300,LEGO® Education WeDo 2.0 Core Set,967,Escola Mare de Déu de la Muntanya,509,428.97,3.00,14110
6/26/2017,9689,Simple Machines Set,973,Col·legi Sagrat Cor,523,159.21,3.00,14110
6/26/2017,9686,Simple & Powered Machines Set,973,Col·legi Sagrat Cor,523,479.97,3.00,14110
6/26/2017,45300,LEGO® Education WeDo 2.0 Core Set,973,Col·legi Sagrat Cor,523,857.94,6.00,14110
6/26/2017,45544,LEGO® MINDSTORMS® Education EV3 Core Set,973,Col·legi Sagrat Cor,524,1479.96,4.00,14110
6/26/2017,45517,Transformer 10V DC,973,Col·legi Sagrat Cor,524,61.98,2.00,14110
6/28/2017,45300,LEGO® Education WeDo 2.0 Core Set,979,Escola López Torrejón,543,857.94,6.00,14110
6/28/2017,45300,LEGO® Education WeDo 2.0 Core Set,980,ESCOLA GENERAL PRIM,547,857.94,6.00,14110
6/30/2017,9656,Early Simple Machines Set,980,ESCOLA GENERAL PRIM,569,881.94,6.00,14110
6/30/2017,9689,Simple Machines Set,980,ESCOLA GENERAL PRIM,570,318.42,6.00,14110
7/27/2017,45300,LEGO® Education WeDo 2.0 Core Set,980,ESCOLA GENERAL PRIM,743,1000.93,7.00,14110
7/27/2017,51566,VEXIA PORTABLET STRONGER HEY!,980,ESCOLA GENERAL PRIM,743,2019.01,7.00,14110
6/29/2017,45300,LEGO® Education WeDo 2.0 Core Set,984,Escola Joan Roca,561,857.94,6.00,14110
7/3/2017,45300,LEGO® Education WeDo 2.0 Core Set,989,COLEGIO SANTA ANA DE FRAGA,575,2859.8,20.00,14110
7/3/2017,45544,LEGO® MINDSTORMS® Education EV3 Core Set,989,COLEGIO SANTA ANA DE FRAGA,575,369.99,1.00,14110
7/3/2017,45544,LEGO® MINDSTORMS® Education EV3 Core Set,991,IES ALMUSSAFES,577,2219.94,6.00,14110
7/3/2017,45517,Transformer 10V DC,991,IES ALMUSSAFES,577,92.97,3.00,14110
7/6/2017,45300,LEGO® Education WeDo 2.0 Core Set,992,EDGAR MASSANA,597,117.43,1.00,14110
7/4/2017,9656,Early Simple Machines Set,994,Escola Arrels,580,1763.88,12.00,14110
7/4/2017,45300,LEGO® Education WeDo 2.0 Core Set,994,Escola Arrels,581,857.94,6.00,14110
7/4/2017,45544,LEGO® MINDSTORMS® Education EV3 Core Set,995,"Centre Escolar Escaladei, S.L.",583,1109.97,3.00,14110
7/4/2017,45517,Transformer 10V DC,995,"Centre Escolar Escaladei, S.L.",583,61.98,2.00,14110
7/5/2017,45300,LEGO® Education WeDo 2.0 Core Set,996,MARTIN ANDORRA SL,595,857.94,6.00,14110
7/5/2017,1LA45300,Certificació Bàsica LEGO Education WeDo 2.0,996,MARTIN ANDORRA SL,595,95,1.00,14120
7/6/2017,45544,LEGO® MINDSTORMS® Education EV3 Core Set,998,Fundació Dolores Sopeña(Oscus),600,1109.97,3.00,14110
7/6/2017,45517,Transformer 10V DC,998,Fundació Dolores Sopeña(Oscus),600,30.99,1.00,14110
7/10/2017,45544,LEGO® MINDSTORMS® Education EV3 Core Set,1004,Institut La Romànica,612,2589.93,7.00,14110
7/10/2017,45517,Transformer 10V DC,1004,Institut La Romànica,612,92.97,3.00,14110
7/11/2017,45544,LEGO® MINDSTORMS® Education EV3 Core Set,1005,ANOETAKO HERRI IKASTOLA,620,1479.96,4.00,14110
7/11/2017,45517,Transformer 10V DC,1005,ANOETAKO HERRI IKASTOLA,620,61.98,2.00,14110
7/12/2017,45544,LEGO® MINDSTORMS® Education EV3 Core Set,1007,Col·legi Sant Ramon Nonat - Sagrat Cor,626,1109.97,3.00,14110
7/12/2017,45517,Transformer 10V DC,1007,Col·legi Sant Ramon Nonat - Sagrat Cor,626,30.99,1.00,14110
7/12/2017,45300,LEGO® Education WeDo 2.0 Core Set,1008,Escola Jacint Verdaguer,627,857.94,6.00,14110
7/12/2017,45544,LEGO® MINDSTORMS® Education EV3 Core Set,1010,Institut Gelida,630,369.99,1.00,14110
7/12/2017,45517,Transformer 10V DC,1010,Institut Gelida,630,30.99,1.00,14110
7/12/2017,45544,LEGO® MINDSTORMS® Education EV3 Core Set,1010,Institut Gelida,631,1109.97,3.00,14110
7/12/2017,45517,Transformer 10V DC,1010,Institut Gelida,631,30.99,1.00,14110
7/13/2017,45544,LEGO® MINDSTORMS® Education EV3 Core Set,1011,"Institució Escolar Turbula, S.L.",638,2219.94,6.00,14110
7/13/2017,45517,Transformer 10V DC,1011,"Institució Escolar Turbula, S.L.",638,92.97,3.00,14110
11/16/2017,45300PI-30-V,Solución Primaria 30 alumnos - PLAN ACOMPAÑAMIENTO INMEDIATO,1011,"Institució Escolar Turbula, S.L.",1192,5604.47,1.00,14110
11/28/2017,45300PI-30,Solución Primaria 30 alumnos - PLAN ACOMPAÑAMIENTO INMEDIATO,1011,"Institució Escolar Turbula, S.L.",1232,2068.26,1.00,14110
12/14/2017,45024,STEAM Park,1011,"Institució Escolar Turbula, S.L.",1286,749.95,5.00,14110
12/14/2017,45008,Math Train,1011,"Institució Escolar Turbula, S.L.",1286,459.95,5.00,14110
12/14/2017,9656,Early Simple Machines Set,1011,"Institució Escolar Turbula, S.L.",1286,2204.85,15.00,14110
12/14/2017,45024,STEAM Park,1011,"Institució Escolar Turbula, S.L.",1287,299.98,2.00,14110
12/14/2017,45008,Math Train,1011,"Institució Escolar Turbula, S.L.",1287,183.98,2.00,14110
12/14/2017,9656,Early Simple Machines Set,1011,"Institució Escolar Turbula, S.L.",1287,734.95,5.00,14110
7/14/2017,45544,LEGO® MINDSTORMS® Education EV3 Core Set,1013,COL·LEGI SANTÍSSIMA TRINITAT,645,1849.95,5.00,14110
7/14/2017,45517,Transformer 10V DC,1013,COL·LEGI SANTÍSSIMA TRINITAT,645,61.98,2.00,14110
7/14/2017,1LA45544,Certificación Básica LEGO MINDSTORMS Education EV3,1013,COL·LEGI SANTÍSSIMA TRINITAT,645,150,1.00,14120
7/14/2017,45544,LEGO® MINDSTORMS® Education EV3 Core Set,1013,COL·LEGI SANTÍSSIMA TRINITAT,646,1479.96,4.00,14110
7/14/2017,45517,Transformer 10V DC,1013,COL·LEGI SANTÍSSIMA TRINITAT,646,61.98,2.00,14110
7/14/2017,1LA45544,Certificación Básica LEGO MINDSTORMS Education EV3,1013,COL·LEGI SANTÍSSIMA TRINITAT,646,150,1.00,14120
7/14/2017,45544,LEGO® MINDSTORMS® Education EV3 Core Set,1014,Centre d'Estudis Monlau,647,1109.97,3.00,14110
7/14/2017,45517,Transformer 10V DC,1014,Centre d'Estudis Monlau,647,30.99,1.00,14110
7/19/2017,45300,LEGO® Education WeDo 2.0 Core Set,1019,"Escoles Griselda, SCCL.",679,857.94,6.00,14110
8/21/2017,45300,LEGO® Education WeDo 2.0 Core Set,1025,Col·legi Immaculada,747,1000.93,7.00,14110
8/21/2017,45544,LEGO® MINDSTORMS® Education EV3 Core Set,1025,Col·legi Immaculada,747,1109.97,3.00,14110
8/21/2017,45517,Transformer 10V DC,1025,Col·legi Immaculada,747,61.98,2.00,14110
8/29/2017,45300,LEGO® Education WeDo 2.0 Core Set,1027,ESCOLA MARE DE DÉU DEL LLEDÓ,771,142.99,1.00,14110
8/31/2017,45544,LEGO® MINDSTORMS® Education EV3 Core Set,1028,Ies Angel Sanz Briz,792,2219.94,6.00,14110
8/31/2017,45517,Transformer 10V DC,1028,Ies Angel Sanz Briz,792,92.97,3.00,14110
8/31/2017,45544,LEGO® MINDSTORMS® Education EV3 Core Set,1028,Ies Angel Sanz Briz,793,2589.93,7.00,14110
8/31/2017,45517,Transformer 10V DC,1028,Ies Angel Sanz Briz,793,92.97,3.00,14110
9/4/2017,45300,LEGO® Education WeDo 2.0 Core Set,1030,APA COLEGIO NTRA. SRA. DEL CARMEN,801,2001.86,14.00,14110
9/4/2017,2000707,LE Replacement Pack Rubber Bands,1030,APA COLEGIO NTRA. SRA. DEL CARMEN,801,0,2.00,14110
9/5/2017,45544,LEGO® MINDSTORMS® Education EV3 Core Set,1035,Escola Norai,813,1479.96,4.00,14110
9/5/2017,45517,Transformer 10V DC,1035,Escola Norai,813,61.98,2.00,14110
9/5/2017,9656,Early Simple Machines Set,1036,Col·legi Menéndez Pidal,814,146.99,1.00,14110
9/5/2017,9689,Simple Machines Set,1036,Col·legi Menéndez Pidal,815,53.07,1.00,14110
9/5/2017,9686,Simple & Powered Machines Set,1036,Col·legi Menéndez Pidal,816,159.99,1.00,14110
9/5/2017,45300,LEGO® Education WeDo 2.0 Core Set,1036,Col·legi Menéndez Pidal,817,857.94,6.00,14110
9/6/2017,45544,LEGO® MINDSTORMS® Education EV3 Core Set,1037,ESCUELA FAMILIAR AGRARIA CAMP JOLIU DEL PENEDES,823,2219.94,6.00,14110
9/6/2017,45517,Transformer 10V DC,1037,ESCUELA FAMILIAR AGRARIA CAMP JOLIU DEL PENEDES,823,92.97,3.00,14110
9/12/2017,45544,LEGO® MINDSTORMS® Education EV3 Core Set,1042,Institut Cap de Llevant,842,5919.84,16.00,14110
9/12/2017,45517,Transformer 10V DC,1042,Institut Cap de Llevant,842,247.92,8.00,14110
10/17/2017,45544,LEGO® MINDSTORMS® Education EV3 Core Set,1042,Institut Cap de Llevant,1051,739.98,2.00,14110
9/12/2017,45300,LEGO® Education WeDo 2.0 Core Set,1045,Santa Teresa de Jesús,846,1143.92,8.00,14110
9/12/2017,45300,LEGO® Education WeDo 2.0 Core Set,1045,Santa Teresa de Jesús,847,1715.88,12.00,14110
9/12/2017,45544,LEGO® MINDSTORMS® Education EV3 Core Set,1045,Santa Teresa de Jesús,848,1479.96,4.00,14110
9/12/2017,45517,Transformer 10V DC,1045,Santa Teresa de Jesús,848,61.98,2.00,14110
9/12/2017,45544,LEGO® MINDSTORMS® Education EV3 Core Set,1045,Santa Teresa de Jesús,849,2959.92,8.00,14110
9/12/2017,45517,Transformer 10V DC,1045,Santa Teresa de Jesús,849,123.96,4.00,14110
9/13/2017,17101,LEGO BOOST,1050,Col·legi Boix,855,132.22,1.00,14110
9/13/2017,45544,LEGO® MINDSTORMS® Education EV3 Core Set,1050,Col·legi Boix,856,3329.91,9.00,14110
9/13/2017,45517,Transformer 10V DC,1050,Col·legi Boix,856,123.96,4.00,14110
9/13/2017,9686,Simple & Powered Machines Set,1051,Escola Mestre Enric Gibert i Camins,857,1599.9,10.00,14110
9/13/2017,705001,SERVICIOS PRESTADOS,1053,APA Colegio San Jose HFI,865,2230,1.00,14110
9/15/2017,45300,LEGO® Education WeDo 2.0 Core Set,1059,Colegio Santa Cruz,875,0,10.00,14110
9/15/2017,45544,LEGO® MINDSTORMS® Education EV3 Core Set,1059,Colegio Santa Cruz,878,0,6.00,14110
9/15/2017,9689,Simple Machines Set,1061,Escola Guillem de Mont-rodon,877,53.07,1.00,14110
9/15/2017,45300,LEGO® Education WeDo 2.0 Core Set,1061,Escola Guillem de Mont-rodon,882,857.94,6.00,14110
9/15/2017,45300,LEGO® Education WeDo 2.0 Core Set,1061,Escola Guillem de Mont-rodon,883,1715.88,12.00,14110
9/18/2017,9689,Simple Machines Set,1061,Escola Guillem de Mont-rodon,884,318.42,6.00,14110
9/18/2017,45300,LEGO® Education WeDo 2.0 Core Set,1065,Cristobal Campos Juan,887,285.98,2.00,14110
9/18/2017,45544,LEGO® MINDSTORMS® Education EV3 Core Set,1065,Cristobal Campos Juan,887,739.98,2.00,14110
9/18/2017,45300,LEGO® Education WeDo 2.0 Core Set,1067,Colegio Cumbre-Oxford,888,1858.87,13.00,14110
9/21/2017,45544,LEGO® MINDSTORMS® Education EV3 Core Set,1075,Colegio Urdaneta,914,2219.94,6.00,14110
9/21/2017,45517,Transformer 10V DC,1075,Colegio Urdaneta,914,92.97,3.00,14110
9/21/2017,45544,LEGO® MINDSTORMS® Education EV3 Core Set,1075,Colegio Urdaneta,915,4439.88,12.00,14110
9/21/2017,45517,Transformer 10V DC,1075,Colegio Urdaneta,915,92.97,3.00,14110
10/19/2017,245544,LEGO® MINDSTORMS Education EV3 Core Set + transformador,1077,EDUCAHUMANES S.A.,1068,801.96,2.00,14110
10/19/2017,45560,LEGO® MINDSTORMS® Education EV3 Expansio,1077,EDUCAHUMANES S.A.,1068,104.99,1.00,14110
9/27/2017,45300PI-24,Solución Primaria 24 alumnos - PLAN ACOMPAÑAMIENTO INMEDIATO,1085,COLEGIO SAN ALFONSO,952,1673.61,1.00,14110
9/27/2017,45300PI-22,Solución Primaria 22 alumnos - PLAN ACOMPAÑAMIENTO INMEDIATO,1086,COLEGIO ÁBACO MADRID,953,3084.12,2.00,14110
9/27/2017,45302,Smarthub Rechargeable Battery,1086,COLEGIO ÁBACO MADRID,953,1121.78,22.00,14110
9/27/2017,45517,Transformer 10V DC,1086,COLEGIO ÁBACO MADRID,953,309.9,10.00,14110
9/27/2017,45544PI-30,Solución Secundaria 30 alumnos - PLAN ACOMPAÑAMIENTO INMEDIATO,1086,COLEGIO ÁBACO MADRID,954,7392.92,2.00,14110
9/28/2017,705001,SERVICIOS PRESTADOS,1088,CONSORCI DE BIBLIOTEQUES DE BARCELONA,959,885,1.00,14120
9/28/2017,705001,SERVICIOS PRESTADOS,1088,CONSORCI DE BIBLIOTEQUES DE BARCELONA,959,1025,1.00,14120
9/28/2017,45300,LEGO® Education WeDo 2.0 Core Set,1089,SANTA MARÍA MARIANISTAS,966,571.96,4.00,14110
10/2/2017,45500,EV3 Intelligent Brick,1091,Institut Bisbe Sivilla,975,204.99,1.00,14110
10/2/2017,45544,LEGO® MINDSTORMS® Education EV3 Core Set,1091,Institut Bisbe Sivilla,976,369.99,1.00,14110
10/10/2017,45300,LEGO® Education WeDo 2.0 Core Set,1101,FUNDACIÓN PÍA AUT. SAN JUAN DE ÁVILA,1020,1000.93,7.00,14110
10/16/2017,45300V2,Pack LEGO Education WeDo 2.0 + Tablet (2 alumnos),1101,FUNDACIÓN PÍA AUT. SAN JUAN DE ÁVILA,1045,371.9,1.00,14110
10/16/2017,45300V12,PACK LEGO WEDO 2.0 + TABLET (12 alumnos),1101,FUNDACIÓN PÍA AUT. SAN JUAN DE ÁVILA,1045,2229.75,1.00,14110
11/10/2017,45544PI-24-V,Solución Secundaria 24 alumnos + Vexia - PLAN ACOMPAÑAMIENTO INMEDIATO,1105,Escola ACIS-Artur Martorell,1167,4847.11,1.00,14110
10/26/2017,45300,LEGO® Education WeDo 2.0 Core Set,1114,COLEGIO SAN ISIDRO,1092,285.98,2.00,14110
10/27/2017,45544,LEGO® MINDSTORMS® Education EV3 Core Set,1115,COLEGIO HUERTA SANTA ANA,1094,2219.94,6.00,14110
10/27/2017,45517,Transformer 10V DC,1115,COLEGIO HUERTA SANTA ANA,1094,92.97,3.00,14110
11/2/2017,45544,LEGO® MINDSTORMS® Education EV3 Core Set,1120,COLEGIO COMPAÑÍA DE MARÍA,1106,1109.97,3.00,14110
11/3/2017,51566,VEXIA PORTABLET STRONGER HEY!,1121,Antonio Barranco Gijón,1123,271.9,1.00,14110
11/7/2017,45300,LEGO® Education WeDo 2.0 Core Set,1123,Laudio Ikastola,1132,1000.93,7.00,14110
11/7/2017,45544,LEGO® MINDSTORMS® Education EV3 Core Set,1123,Laudio Ikastola,1133,1849.95,5.00,14110
11/7/2017,45517,Transformer 10V DC,1123,Laudio Ikastola,1133,61.98,2.00,14110
11/7/2017,45300PI-28,Solución Primaria 28 alumnos - PLAN ACOMPAÑAMIENTO INMEDIATO,1124,SPACIOS EDUCATIVOS CAR S.A.,1138,1936.71,1.00,14110
11/7/2017,45517,Transformer 10V DC,1124,SPACIOS EDUCATIVOS CAR S.A.,1138,216.93,7.00,14110
11/7/2017,9686,Simple & Powered Machines Set,1124,SPACIOS EDUCATIVOS CAR S.A.,1140,159.99,1.00,14110
11/7/2017,9641,Pneumatics Add-on Set,1124,SPACIOS EDUCATIVOS CAR S.A.,1140,74.99,1.00,14110
11/7/2017,9688,Renewable Energy Add-on Set,1124,SPACIOS EDUCATIVOS CAR S.A.,1140,117.99,1.00,14110
11/7/2017,10698,LEGO Classic - Caja Ladrillos Creativos Grande LEGO,1124,SPACIOS EDUCATIVOS CAR S.A.,1140,98.98,2.00,14110
11/9/2017,45300,LEGO® Education WeDo 2.0 Core Set,1133,Virgen del Rosario,1153,857.94,6.00,14110
11/13/2017,45300,LEGO® Education WeDo 2.0 Core Set,1145,Escola Les Escomes,1172,714.95,5.00,14110
11/13/2017,45300,LEGO® Education WeDo 2.0 Core Set,1145,Escola Les Escomes,1173,857.94,6.00,14110
11/15/2017,51566,VEXIA PORTABLET STRONGER HEY!,1149,Antonio Ballester Martinez,1181,271.9,1.00,14110
11/16/2017,45300,LEGO® Education WeDo 2.0 Core Set,1150,Asociacion El Dragon,1187,142.99,1.00,14110
11/16/2017,45570,EV3 Space Challenge Set,1150,Asociacion El Dragon,1187,189.99,1.00,14110
11/16/2017,9689,Simple Machines Set,1150,Asociacion El Dragon,1187,53.07,1.00,14110
11/16/2017,45544,LEGO® MINDSTORMS® Education EV3 Core Set,1151,IES Guadarrama,1189,2959.92,8.00,14110
11/17/2017,9686,Simple & Powered Machines Set,1153,IES EZEQUIEL GONZÁLEZ,1195,1279.92,8.00,14110
11/17/2017,9688,Renewable Energy Add-on Set,1153,IES EZEQUIEL GONZÁLEZ,1195,943.92,8.00,14110
11/21/2017,45570,EV3 Space Challenge Set,1158,CEP Las Palmas de Gran Canaria,1210,189.99,1.00,14110
11/21/2017,45300PI-24,Solución Primaria 24 alumnos - PLAN ACOMPAÑAMIENTO INMEDIATO,1159,Escola Brasil,1214,1673.61,1.00,14110
11/21/2017,51566,VEXIA PORTABLET STRONGER HEY!,1159,Escola Brasil,1214,1549.86,6.00,14110
11/22/2017,45544,LEGO® MINDSTORMS® Education EV3 Core Set,1160,La Salle Torreforta,1215,1849.95,5.00,14110
11/22/2017,45517,Transformer 10V DC,1160,La Salle Torreforta,1215,61.98,2.00,14110
11/27/2017,45300PI-24,Solución Primaria 24 alumnos - PLAN ACOMPAÑAMIENTO INMEDIATO,1163,CEIP Manuela Malasaña,1224,1673.61,1.00,14110
11/28/2017,45300PI-24-V,Solución Primaria 24 alumnos - PLAN ACOMPAÑAMIENTO INMEDIATO,1163,CEIP Manuela Malasaña,1233,4502.58,1.00,14110
11/30/2017,45300,LEGO® Education WeDo 2.0 Core Set,1167,AMPA ARENAL DE LLEVANT,1240,857.94,6.00,14110
11/30/2017,45300,LEGO® Education WeDo 2.0 Core Set,1168,Cultura Pràctica,1241,1143.92,8.00,14110
11/30/2017,45544,LEGO® MINDSTORMS® Education EV3 Core Set,1168,Cultura Pràctica,1242,1849.95,5.00,14110
12/1/2017,9656,Early Simple Machines Set,1169,Escola Mestre Ignasi Peraire Mollerussa,1244,1028.93,7.00,14110
12/1/2017,9689,Simple Machines Set,1169,Escola Mestre Ignasi Peraire Mollerussa,1245,371.49,7.00,14110
12/1/2017,9686,Simple & Powered Machines Set,1169,Escola Mestre Ignasi Peraire Mollerussa,1246,1119.93,7.00,14110
12/5/2017,45300,LEGO® Education WeDo 2.0 Core Set,1175,Escola Ridolaina,1254,571.96,4.00,14110
12/14/2017,9686,Simple & Powered Machines Set,1184,Institut Vall d'Arús,1280,1119.93,7.00,14110
12/14/2017,45544,LEGO® MINDSTORMS® Education EV3 Core Set,1184,Institut Vall d'Arús,1281,1849.95,5.00,14110
12/14/2017,45517,Transformer 10V DC,1184,Institut Vall d'Arús,1281,61.98,2.00,14110
12/22/2017,45300,LEGO® Education WeDo 2.0 Core Set,1244,CENTRO RURAL DE INNOVACIÓN EDUCATIVA,1321,1715.88,12.00,14110
12/22/2017,2000715,LE Replacement Pack LE WeDo 2.0,1244,CENTRO RURAL DE INNOVACIÓN EDUCATIVA,1321,6.49,1.00,14110
12/22/2017,45304,Motion Sensor,1244,CENTRO RURAL DE INNOVACIÓN EDUCATIVA,1321,18.49,1.00,14110
12/22/2017,45303,Medium Motor,1244,CENTRO RURAL DE INNOVACIÓN EDUCATIVA,1321,18.49,1.00,14110
12/22/2017,45305,Tilt Sensor,1244,CENTRO RURAL DE INNOVACIÓN EDUCATIVA,1321,18.49,1.00,14110
12/22/2017,2000707,LE Replacement Pack Rubber Bands,1244,CENTRO RURAL DE INNOVACIÓN EDUCATIVA,1321,6.49,1.00,14110
12/22/2017,45300V24,Pack LEGO Education WeDo 2.0 + VEXIA (24 alumnos),1244,CENTRO RURAL DE INNOVACIÓN EDUCATIVA,1322,4458.68,1.00,14110
12/22/2017,2000715,LE Replacement Pack LE WeDo 2.0,1244,CENTRO RURAL DE INNOVACIÓN EDUCATIVA,1322,6.49,1.00,14110
12/22/2017,2000707,LE Replacement Pack Rubber Bands,1244,CENTRO RURAL DE INNOVACIÓN EDUCATIVA,1322,6.49,1.00,14110
12/22/2017,45304,Motion Sensor,1244,CENTRO RURAL DE INNOVACIÓN EDUCATIVA,1322,18.49,1.00,14110
12/22/2017,45303,Medium Motor,1244,CENTRO RURAL DE INNOVACIÓN EDUCATIVA,1322,18.49,1.00,14110
12/22/2017,45305,Tilt Sensor,1244,CENTRO RURAL DE INNOVACIÓN EDUCATIVA,1322,18.49,1.00,14110
5/19/2017,45019,Creative LEGO® DUPLO® Brick Set,9999,CLIENTES CONTADO,353,559.9,10.00,14110
5/19/2017,45020,Creative LEGO® Brick Set,9999,CLIENTES CONTADO,353,55.99,1.00,14110
5/19/2017,9656,Early Simple Machines Set,9999,CLIENTES CONTADO,353,1322.91,9.00,14110
5/19/2017,9580,LEGO Education WeDo Construction Set,9999,CLIENTES CONTADO,353,1399.9,10.00,14110
5/19/2017,45300,LEGO® Education WeDo 2.0 Core Set,9999,CLIENTES CONTADO,353,1429.9,10.00,14110
7/5/2017,9688,Renewable Energy Add-on Set,379,AMERICAN SCHOOL OF BARCELONA FUNDACION PRIVADA,585,1233,11.00,14110
6/9/2017,1LA45300,Certificació Bàsica LEGO Education WeDo 2.0,74,ESCUELAS PEREZ IBORRA S.L.,433,190,2.00,14120
6/9/2017,1LA45300,Certificació Bàsica LEGO Education WeDo 2.0,74,ESCUELAS PEREZ IBORRA S.L.,435,190,2.00,14120
6/15/2017,1LA45300,Certificació Bàsica LEGO Education WeDo 2.0,920,"COLEGIO KENSINGTON SCHOOL, S.A.",477,190,2.00,14120
6/22/2017,1LA45300,Certificació Bàsica LEGO Education WeDo 2.0,962,Educación alfa y Omega,497,1140,12.00,14120
7/27/2017,1LA45300,Certificació Bàsica LEGO Education WeDo 2.0,980,ESCOLA GENERAL PRIM,743,190,2.00,14120
11/2/2016,3,SERVICIOS PRESTADOS,3,ESCOLA GUINARDO S.C.C.L.,699,-43.35,1.00,14002
11/9/2016,6,Power Functions,6,AMPA SAGRADA FAMILIA DE SABADELL,744,28.09,1.00,14002
11/4/2016,7,LEGO Technic Off-Roader,7,THE BRITISH SCHOOL BARCELONA,725,495,99.00,14002
2/3/2016,22,SERVICIOS PRESTADOS,22,COLEGIO INTERNACIONAL EIRIS,34,-90,-1.00,14110
9/26/2016,39,EV3 Rechargeable DC Battery,39,"SEK ATLANTICO, S.L",483,162,2.00,14110
9/26/2016,39,Simple Machines Set,39,"SEK ATLANTICO, S.L",483,50.42,1.00,14110
9/26/2016,39,LEGO Education WeDo Construction Set,39,"SEK ATLANTICO, S.L",483,1219,10.00,14110
9/26/2016,39,LEGO® Education WeDo™ Software v.1.2 and Activity Pack,39,"SEK ATLANTICO, S.L",483,76.78,1.00,14110
9/26/2016,39,SERVICIOS PRESTADOS,39,"SEK ATLANTICO, S.L",483,-120,-1.00,14110
2/18/2016,48,LEGO® Education WeDo 2.0 Core Set,48,FUNDACIO PRIVADA SANT NICOLAU,54,2790,20.00,14110
2/18/2016,48,SERVICIOS PRESTADOS,48,FUNDACIO PRIVADA SANT NICOLAU,54,-139.5,-1.00,14110
2/18/2016,48,Curriculum Pack LEGO Education WeDo 2.0,48,FUNDACIO PRIVADA SANT NICOLAU,54,0,1.00,14110
11/17/2016,48,Smarthub Rechargeable Battery,48,FUNDACIO PRIVADA SANT NICOLAU,787,999.8,20.00,14110
11/17/2016,48,SERVICIOS PRESTADOS,48,FUNDACIO PRIVADA SANT NICOLAU,787,-50,-1.00,14110
6/30/2016,51,LEGO® MINDSTORMS® Education EV3 Core Set,51,"INSTITUCIO FAMILIAR D'EDUCACIO, SA  (COL·LEGI LA FARGA)",254,3599.9,10.00,14110
6/30/2016,51,Transformer 10V DC,51,"INSTITUCIO FAMILIAR D'EDUCACIO, SA  (COL·LEGI LA FARGA)",254,101.3,5.00,14110
6/30/2016,51,SERVICIOS PRESTADOS,51,"INSTITUCIO FAMILIAR D'EDUCACIO, SA  (COL·LEGI LA FARGA)",254,-370.12,-1.00,14110
9/1/2016,80,LEGO® MINDSTORMS® Education EV3 Core Set,80,"SUBMINISTRAMENTS I SERVEIS, SL",367,1439.96,4.00,14110
9/1/2016,80,Transformer 10V DC,80,"SUBMINISTRAMENTS I SERVEIS, SL",367,40.52,2.00,14110
9/1/2016,80,LEGO® Education WeDo 2.0 Core Set,80,"SUBMINISTRAMENTS I SERVEIS, SL",367,697.5,5.00,14110
9/1/2016,80,Curriculum Pack LEGO Education WeDo 2.0,80,"SUBMINISTRAMENTS I SERVEIS, SL",367,0,1.00,14110
9/1/2016,80,SERVICIOS PRESTADOS,80,"SUBMINISTRAMENTS I SERVEIS, SL",367,-116,-1.00,14110
9/5/2016,81,LEGO® MINDSTORMS® Education EV3 Core Set,81,SAGRAT COR SARRIA,378,3599.9,10.00,14110
9/5/2016,81,Transformer 10V DC,81,SAGRAT COR SARRIA,378,101.3,5.00,14110
9/5/2016,81,SERVICIOS PRESTADOS,81,SAGRAT COR SARRIA,378,-370.12,-1.00,14110
9/16/2016,103,LEGO® MINDSTORMS® Education EV3 Core Set,103,COL·LEGI XALOC,443,719.98,2.00,14110
9/16/2016,103,Transformer 10V DC,103,COL·LEGI XALOC,443,40.52,2.00,14110
9/16/2016,103,LEGO® MINDSTORMS® Education EV3 Expansio,103,COL·LEGI XALOC,443,103.06,1.00,14110
9/16/2016,103,SERVICIOS PRESTADOS,103,COL·LEGI XALOC,443,-43.18,-1.00,14110
10/13/2016,147,EV3 Large Servo Motor,147,IES JOSE LUIS SAMPEDRO,599,30.4,1.00,14110
10/13/2016,147,EV3 Cable Pack,147,IES JOSE LUIS SAMPEDRO,599,15.99,1.00,14110
10/13/2016,147,Transformer 10V DC,147,IES JOSE LUIS SAMPEDRO,599,20.26,1.00,14110
10/20/2016,147,LEGO® MINDSTORMS® Education EV3 Core Set,147,IES JOSE LUIS SAMPEDRO,643,0,2.00,14110
10/20/2016,147,Transformer 10V DC,147,IES JOSE LUIS SAMPEDRO,643,0,1.00,14110
10/20/2016,147,EV3 Large Servo Motor,147,IES JOSE LUIS SAMPEDRO,643,486.4,16.00,14110
10/20/2016,147,Transformer 10V DC,147,IES JOSE LUIS SAMPEDRO,643,0,4.00,14110
10/20/2016,147,EV3 Cable Pack,147,IES JOSE LUIS SAMPEDRO,643,63.96,4.00,14110
10/20/2016,147,LE Replacement Pack LME 3,147,IES JOSE LUIS SAMPEDRO,643,0,2.00,14110
10/20/2016,147,EV3 Medium Servo Motor,147,IES JOSE LUIS SAMPEDRO,643,51.98,2.00,14110
10/20/2016,147,SERVICIOS PRESTADOS,147,IES JOSE LUIS SAMPEDRO,643,-60.23,-1.00,14110
10/28/2015,153,EV3 Science Activity Pack,153,FEDPBT_ Escola Mare de Déu de la Salut,17,119.16,1.00,14110
10/28/2015,153,Temperature Sensor,153,FEDPBT_ Escola Mare de Déu de la Salut,17,180.6,6.00,14110
10/28/2015,153,Renewable Energy Add-on Set,153,FEDPBT_ Escola Mare de Déu de la Salut,17,101.26,1.00,14110
10/28/2015,153,Activity Pack for Renewable Energy Add-on,153,FEDPBT_ Escola Mare de Déu de la Salut,17,53.65,1.00,14110
10/28/2015,153,SERVICIOS PRESTADOS,153,FEDPBT_ Escola Mare de Déu de la Salut,17,-22.73,-1.00,14110
10/29/2015,156,LEGO® MINDSTORMS® Education EV3 Core Set,156,ASSOCIACIÓ DE PARES D'ALUMNES DE L'INSTITUT DE BATXILLERAT ARNAU CADELL,22,916.23,3.00,14002
10/29/2015,156,Transformer 10V DC,156,ASSOCIACIÓ DE PARES D'ALUMNES DE L'INSTITUT DE BATXILLERAT ARNAU CADELL,22,18.96,1.00,14002
5/13/2016,156,LEGO® MINDSTORMS® Education EV3 Core Set,156,ASSOCIACIÓ DE PARES D'ALUMNES DE L'INSTITUT DE BATXILLERAT ARNAU CADELL,149,719.98,2.00,14110
5/13/2016,156,SERVICIOS PRESTADOS,156,ASSOCIACIÓ DE PARES D'ALUMNES DE L'INSTITUT DE BATXILLERAT ARNAU CADELL,149,-37.01,-1.00,14002
5/13/2016,156,Transformer 10V DC,156,ASSOCIACIÓ DE PARES D'ALUMNES DE L'INSTITUT DE BATXILLERAT ARNAU CADELL,149,20.26,1.00,14002
11/18/2016,161,Tech Machines,161,VEDRUNA CARDONA,795,0,4.00,14110
11/18/2016,161,Tubes Experiment Set,161,VEDRUNA CARDONA,795,0,8.00,14110
11/18/2016,161,LE Replacement Pack Screwdriver,161,VEDRUNA CARDONA,795,0,15.00,14110
11/18/2016,161,LEGO® Soft Brick Set,161,VEDRUNA CARDONA,795,0,1.00,14110
11/18/2016,161,Early Simple Machines Set,161,VEDRUNA CARDONA,795,0,4.00,14110
11/18/2016,161,Simple Machines Set,161,VEDRUNA CARDONA,795,0,4.00,14110
11/18/2016,161,LearnToLearn Core Set & Curriculum Pack,161,VEDRUNA CARDONA,795,0,1.00,14110
11/18/2016,161,Simple & Powered Machines Set,161,VEDRUNA CARDONA,795,0,11.00,14110
11/18/2016,161,Pneumatics Add-on Set,161,VEDRUNA CARDONA,795,0,11.00,14110
11/18/2016,161,LEGO Education WeDo Construction Set,161,VEDRUNA CARDONA,795,0,4.00,14110
11/18/2016,161,SERVICIOS PRESTADOS,161,VEDRUNA CARDONA,795,-290,-1.00,14110
11/18/2016,161,SERVICIOS PRESTADOS,161,VEDRUNA CARDONA,795,2092.99,1.00,14110
11/18/2016,161,SERVICIOS PRESTADOS,161,VEDRUNA CARDONA,795,1308.09,1.00,14110
11/18/2016,161,SERVICIOS PRESTADOS,161,VEDRUNA CARDONA,795,2378.08,1.00,14110
11/18/2016,161,Introducing Simple & Powered Machines,161,VEDRUNA CARDONA,795,0,1.00,14110
11/18/2016,161,Activity Pack for Pneumatics,161,VEDRUNA CARDONA,795,0,1.00,14110
11/3/2015,164,LEGO Education WeDo Construction Set,164,ESCOLA MAS RAMPINYO,27,872.08,8.00,14110
11/3/2015,164,LEGO® Education WeDo™ Software v.1.2 and Activity Pack,164,ESCOLA MAS RAMPINYO,27,75.41,1.00,14110
11/3/2015,164,Simple & Powered Machines Set,164,ESCOLA MAS RAMPINYO,27,279.18,2.00,14110
11/3/2015,164,Introducing Simple & Powered Machines,164,ESCOLA MAS RAMPINYO,27,88.24,1.00,14110
11/3/2015,164,SERVICIOS PRESTADOS,164,ESCOLA MAS RAMPINYO,27,-75.24,-1.00,14110
2/2/2016,191,LEGO® Education WeDo 2.0 Core Set,191,ZER BERGUEDÀ CENTRE,33,139.5,1.00,14110
2/2/2016,191,SERVICIOS PRESTADOS,191,ZER BERGUEDÀ CENTRE,33,-6.98,-1.00,14110
7/8/2016,214,SERVICIOS PRESTADOS,214,COLEGIO DE FOMENTO MONTECASTELO,285,105,1.00,14110
2/4/2016,219,LEGO® MINDSTORMS® Education EV3 Core Set,219,INSTITUT JOAN MIRÓ,37,1286,4.00,14110
2/4/2016,219,Transformer 10V DC,219,INSTITUT JOAN MIRÓ,37,36.28,2.00,14110
2/4/2016,219,SERVICIOS PRESTADOS,219,INSTITUT JOAN MIRÓ,37,-66.11,-1.00,14110
2/15/2016,236,LEGO® MINDSTORMS® Education EV3 Core Set,236,ESCOLA VEDRUNA SALLENT FPE VEDRUNA BARCELONA,49,719.98,2.00,14110
2/15/2016,236,Transformer 10V DC,236,ESCOLA VEDRUNA SALLENT FPE VEDRUNA BARCELONA,49,20.26,1.00,14110
2/15/2016,236,SERVICIOS PRESTADOS,236,ESCOLA VEDRUNA SALLENT FPE VEDRUNA BARCELONA,49,-37.01,-1.00,14110
2/9/2016,312,LEGO® MINDSTORMS® Education EV3 Core Set,312,COLEGIO BRAINS,43,9002,28.00,14110
2/9/2016,312,SERVICIOS PRESTADOS,312,COLEGIO BRAINS,43,-450.07,-1.00,14110
1/15/2016,314,Certificación Básica LEGO MINDSTORMS Education EV3,314,COL·LEGI MARE DE DEU DEL CARME,19,150,1.00,14110
4/7/2016,328,SERVICIOS PRESTADOS,328,SANT GABRIEL,101,300,1.00,14110
10/13/2016,332,LEGO® Soft Brick Set,332,COMUNIDAD ISRAELITA DE BARCELONA (COLEGIO HATIKVA),591,501.34,1.00,14110
10/13/2016,332,Animal Bingo,332,COMUNIDAD ISRAELITA DE BARCELONA (COLEGIO HATIKVA),591,36.88,1.00,14110
10/13/2016,332,"Build Me ""Emotions""",332,COMUNIDAD ISRAELITA DE BARCELONA (COLEGIO HATIKVA),591,65.99,1.00,14110
10/13/2016,332,Pack MoreToMath (Core set + Curriculum Pack 1-2),332,COMUNIDAD ISRAELITA DE BARCELONA (COLEGIO HATIKVA),591,161.12,1.00,14110
10/13/2016,332,MoreToMath Core Set 1 - 2,332,COMUNIDAD ISRAELITA DE BARCELONA (COLEGIO HATIKVA),591,0,1.00,14110
10/13/2016,332,MoreToMath Curriculum Pack 1 - 2,332,COMUNIDAD ISRAELITA DE BARCELONA (COLEGIO HATIKVA),591,0,1.00,14110
10/13/2016,332,LearnToLearn Core Set & Curriculum Pack,332,COMUNIDAD ISRAELITA DE BARCELONA (COLEGIO HATIKVA),591,93.89,1.00,14110
10/13/2016,332,StoryStarter Curriculum Pack & Software,332,COMUNIDAD ISRAELITA DE BARCELONA (COLEGIO HATIKVA),591,105.7,1.00,14110
10/13/2016,332,Simple Machines Set,332,COMUNIDAD ISRAELITA DE BARCELONA (COLEGIO HATIKVA),591,53.07,1.00,14110
10/13/2016,332,Simple & Powered Machines Set,332,COMUNIDAD ISRAELITA DE BARCELONA (COLEGIO HATIKVA),591,141.95,1.00,14110
10/13/2016,332,SERVICIOS PRESTADOS,332,COMUNIDAD ISRAELITA DE BARCELONA (COLEGIO HATIKVA),591,-58,-1.00,14110
6/22/2016,476,LEGO® MINDSTORMS® Education EV3 Core Set,476,AMPA LA MERCED,226,2159.94,6.00,14110
6/22/2016,476,Transformer 10V DC,476,AMPA LA MERCED,226,60.78,3.00,14110
6/22/2016,476,SERVICIOS PRESTADOS,476,AMPA LA MERCED,226,-113.28,-1.00,14110
4/28/2016,492,LEGO® MINDSTORMS® NXT Education Base Set,492,IES ARXIDUC LLUÍS SALVADOR,132,300.38,1.00,14110
4/28/2016,492,GASTOS DE ENVIO,492,IES ARXIDUC LLUÍS SALVADOR,132,9,1.00,14110
4/28/2016,492,SERVICIOS PRESTADOS,492,IES ARXIDUC LLUÍS SALVADOR,132,0,-1.00,14110
5/2/2016,500,LEGO Education WeDo Construction Set,500,CASA JESUS-MARIA,135,2857,25.00,14110
5/2/2016,500,LEGO® MINDSTORMS® Education EV3 Core Set,500,CASA JESUS-MARIA,135,359.99,1.00,14110
5/2/2016,500,Transformer 10V DC,500,CASA JESUS-MARIA,135,20.26,1.00,14110
5/2/2016,500,Simple Machines Set,500,CASA JESUS-MARIA,135,477.63,9.00,14110
5/2/2016,500,SERVICIOS PRESTADOS,500,CASA JESUS-MARIA,135,-185.74,-1.00,14110
5/25/2016,509,LEGO® Education WeDo 2.0 Core Set,509,CAXTON COLLEGE,167,1953,14.00,14110
5/25/2016,509,SERVICIOS PRESTADOS,509,CAXTON COLLEGE,167,-97.65,-1.00,14110
5/3/2016,511,Pack aula 12 - 4 MINDSTORMS EV3 + ACCESORIOS,511,IES MATA JOVE,137,1652.48,1.00,14110
5/3/2016,511,LEGO® MINDSTORMS® Education EV3 Core Set,511,IES MATA JOVE,137,0,4.00,14110
5/3/2016,511,LEGO® MINDSTORMS® Education EV3 Expansio,511,IES MATA JOVE,137,0,4.00,14110
5/3/2016,511,Transformer 10V DC,511,IES MATA JOVE,137,0,2.00,14110
5/17/2016,542,LEGO® MINDSTORMS® Education EV3 Core Set,542,BIHOTZ GAZTEA IKASTOLA,153,0,10.00,14110
5/17/2016,542,LEGO® MINDSTORMS® Education EV3 Expansio,542,BIHOTZ GAZTEA IKASTOLA,153,0,10.00,14110
5/17/2016,542,Transformer 10V DC,542,BIHOTZ GAZTEA IKASTOLA,153,0,5.00,14110
5/17/2016,542,SERVICIOS PRESTADOS,542,BIHOTZ GAZTEA IKASTOLA,153,4326,1.00,14110
6/30/2016,546,LEGO® MINDSTORMS® Education EV3 Core Set,546,FPEVB - JOAQUIMA VEDRUNA TERRASSA,252,1799.95,5.00,14110
6/30/2016,546,Transformer 10V DC,546,FPEVB - JOAQUIMA VEDRUNA TERRASSA,252,40.52,2.00,14110
6/30/2016,546,Simple & Powered Machines Set,546,FPEVB - JOAQUIMA VEDRUNA TERRASSA,252,1703.4,12.00,14110
6/30/2016,546,Introducing Simple & Powered Machines,546,FPEVB - JOAQUIMA VEDRUNA TERRASSA,252,97.92,1.00,14110
6/30/2016,546,SERVICIOS PRESTADOS,546,FPEVB - JOAQUIMA VEDRUNA TERRASSA,252,-190,-1.00,14110
11/4/2016,632,LEGO® MINDSTORMS® Education EV3 Core Set,632,COLEGIO NAZARET REALEJOS,720,719.98,2.00,14110
11/4/2016,632,SERVICIOS PRESTADOS,632,COLEGIO NAZARET REALEJOS,720,-72,-1.00,14110
11/4/2016,632,GASTOS DE ENVIO,632,COLEGIO NAZARET REALEJOS,720,26,1.00,14110
7/6/2016,636,LEGO® Education WeDo 2.0 Core Set,636,ESCOLA BENVIURE,273,837,6.00,14110
7/6/2016,636,SERVICIOS PRESTADOS,636,ESCOLA BENVIURE,273,-41.85,-1.00,14110
7/7/2016,638,LEGO Education WeDo Construction Set,638,ESCOLA NOU PATUFET,278,975.2,8.00,14110
7/7/2016,638,LEGO® Education WeDo™ Software v.1.2 and Activity Pack,638,ESCOLA NOU PATUFET,278,76.78,1.00,14110
7/7/2016,638,SERVICIOS PRESTADOS,638,ESCOLA NOU PATUFET,278,-52.6,-1.00,14110
7/7/2016,638,LEGO® Education WeDo 2.0 Core Set,638,ESCOLA NOU PATUFET,279,1116,8.00,14110
7/7/2016,638,Curriculum Pack LEGO Education WeDo 2.0,638,ESCOLA NOU PATUFET,279,0,1.00,14110
7/7/2016,638,SERVICIOS PRESTADOS,638,ESCOLA NOU PATUFET,279,-56,-1.00,14110
7/7/2016,638,LEGO® MINDSTORMS® Education EV3 Core Set,638,ESCOLA NOU PATUFET,280,1439.96,4.00,14110
7/7/2016,638,Transformer 10V DC,638,ESCOLA NOU PATUFET,280,40.52,2.00,14110
7/7/2016,638,Pack EV3 Space Challenge Set and Activity Pack,638,ESCOLA NOU PATUFET,280,260.29,1.00,14110
7/7/2016,638,EV3 Space Challenge Set,638,ESCOLA NOU PATUFET,280,0,1.00,14110
7/7/2016,638,EV3 Space Challenge Activity Pack,638,ESCOLA NOU PATUFET,280,0,1.00,14110
7/7/2016,638,SERVICIOS PRESTADOS,638,ESCOLA NOU PATUFET,280,-90,-1.00,14110
9/13/2016,638,Simple Machines Set,638,ESCOLA NOU PATUFET,417,0,8.00,14110
9/13/2016,638,Activity Pack for Simple Machines,638,ESCOLA NOU PATUFET,417,0,1.00,14110
9/13/2016,638,LEGO Education WeDo Construction Set,638,ESCOLA NOU PATUFET,417,609.5,5.00,14110
9/13/2016,638,LEGO® Education WeDo™ Software v.1.2 and Activity Pack,638,ESCOLA NOU PATUFET,417,76.78,1.00,14110
9/13/2016,638,LEGO® Education WeDo 2.0 Core Set,638,ESCOLA NOU PATUFET,417,837,6.00,14110
9/13/2016,638,Curriculum Pack LEGO Education WeDo 2.0,638,ESCOLA NOU PATUFET,417,0,1.00,14110
9/13/2016,638,SERVICIOS PRESTADOS,638,ESCOLA NOU PATUFET,417,1447.93,1.00,14110
9/13/2016,638,LEGO® MINDSTORMS® Education EV3 Core Set,638,ESCOLA NOU PATUFET,417,0,4.00,14110
9/13/2016,638,LEGO® MINDSTORMS® Education EV3 Expansio,638,ESCOLA NOU PATUFET,417,0,2.00,14110
9/13/2016,638,Transformer 10V DC,638,ESCOLA NOU PATUFET,417,0,2.00,14110
9/13/2016,638,SERVICIOS PRESTADOS,638,ESCOLA NOU PATUFET,417,399,1.00,14110
9/13/2016,638,SERVICIOS PRESTADOS,638,ESCOLA NOU PATUFET,417,-76.16,-1.00,14110
9/6/2016,674,LEGO® MINDSTORMS® Education EV3 Core Set,674,COLEGIO PUERTOBLANCO,386,1439.96,4.00,14110
9/6/2016,674,Transformer 10V DC,674,COLEGIO PUERTOBLANCO,386,40.52,2.00,14110
9/6/2016,674,SERVICIOS PRESTADOS,674,COLEGIO PUERTOBLANCO,386,-74.02,-1.00,14110
9/6/2016,674,LEGO Education WeDo Construction Set,674,COLEGIO PUERTOBLANCO,387,731.4,6.00,14110
9/6/2016,674,LEGO® Education WeDo™ Software v.1.2 and Activity Pack,674,COLEGIO PUERTOBLANCO,387,76.78,1.00,14110
9/6/2016,674,SERVICIOS PRESTADOS,674,COLEGIO PUERTOBLANCO,387,-40.41,-1.00,14110
9/29/2016,674,LEGO Education WeDo Construction Set,674,COLEGIO PUERTOBLANCO,508,243.8,2.00,14110
9/29/2016,674,LEGO® Education WeDo™ Software v.1.2 and Activity Pack,674,COLEGIO PUERTOBLANCO,508,76.78,1.00,14110
9/29/2016,674,SERVICIOS PRESTADOS,674,COLEGIO PUERTOBLANCO,508,-16.03,-1.00,14110
9/16/2016,694,LEGO® MINDSTORMS® Education EV3 Core Set,694,COLEGIO INTERNACIONAL CAMPO LARA,442,0,2.00,14110
9/16/2016,694,Transformer 10V DC,694,COLEGIO INTERNACIONAL CAMPO LARA,442,0,1.00,14110
9/19/2016,697,SERVICIOS PRESTADOS,697,FUNDACIÓ PRIVADA ELS ARCS,451,1445,1.00,14110
9/19/2016,697,LEGO® MINDSTORMS® Education EV3 Core Set,697,FUNDACIÓ PRIVADA ELS ARCS,451,0,4.00,14110
9/19/2016,697,Transformer 10V DC,697,FUNDACIÓ PRIVADA ELS ARCS,451,0,4.00,14110
9/19/2016,697,LEGO® MINDSTORMS® Education EV3 Expansio,697,FUNDACIÓ PRIVADA ELS ARCS,451,0,2.00,14110
9/22/2016,706,LEGO Education WeDo Construction Set,706,COLEGIO SANTA ANA DE BUÑUEL,473,609.5,5.00,14110
9/22/2016,706,LEGO® Education WeDo™ Software v.1.2 and Activity Pack,706,COLEGIO SANTA ANA DE BUÑUEL,473,76.78,1.00,14110
9/22/2016,706,SERVICIOS PRESTADOS,706,COLEGIO SANTA ANA DE BUÑUEL,473,-34.31,-1.00,14110
9/30/2016,710,LEGO® MINDSTORMS® Education EV3 Expansio,710,ESCOLA MARIA ANNA MOGAS,527,515.3,5.00,14110
9/30/2016,710,SERVICIOS PRESTADOS,710,ESCOLA MARIA ANNA MOGAS,527,-25.77,-1.00,14110
9/27/2016,715,LEGO® MINDSTORMS® Education EV3 Core Set,715,CEIP GINÉS GARCÍA MARTÍNEZ,493,1439.96,4.00,14110
9/27/2016,715,Transformer 10V DC,715,CEIP GINÉS GARCÍA MARTÍNEZ,493,40.52,2.00,14110
9/27/2016,715,LEGO Education WeDo Construction Set,715,CEIP GINÉS GARCÍA MARTÍNEZ,493,731.4,6.00,14110
9/27/2016,715,LEGO® Education WeDo™ Software v.1.2 and Activity Pack,715,CEIP GINÉS GARCÍA MARTÍNEZ,493,76.78,1.00,14110
9/27/2016,715,SERVICIOS PRESTADOS,715,CEIP GINÉS GARCÍA MARTÍNEZ,493,-114.43,-1.00,14110
9/28/2016,721,LEGO® MINDSTORMS® Education EV3 Core Set,721,IES JOAN D'ÀUSTRIA,504,2879.92,8.00,14110
9/28/2016,721,Transformer 10V DC,721,IES JOAN D'ÀUSTRIA,504,81.04,4.00,14110
9/28/2016,721,SERVICIOS PRESTADOS,721,IES JOAN D'ÀUSTRIA,504,-148.05,-1.00,14110
9/29/2016,726,LEGO® MINDSTORMS® Education EV3 Core Set,726,IES VALLE DEL OJA,512,0,2.00,14110
9/29/2016,726,Transformer 10V DC,726,IES VALLE DEL OJA,512,0,1.00,14110
9/29/2016,726,LEGO® MINDSTORMS® Education EV3 Core Set,726,IES VALLE DEL OJA,513,359.99,1.00,14110
9/29/2016,726,Transformer 10V DC,726,IES VALLE DEL OJA,513,20.26,1.00,14110
9/29/2016,726,SERVICIOS PRESTADOS,726,IES VALLE DEL OJA,513,-38.03,-1.00,14110
9/30/2016,729,LEGO Education WeDo Construction Set,729,COLEGIO LOS OLIVOS PADRES AGUSTINOS DE MÁLAGA,525,2438,20.00,14110
9/30/2016,729,LEGO® Education WeDo™ Software v.1.2 and Activity Pack,729,COLEGIO LOS OLIVOS PADRES AGUSTINOS DE MÁLAGA,525,76.78,1.00,14110
9/30/2016,729,SERVICIOS PRESTADOS,729,COLEGIO LOS OLIVOS PADRES AGUSTINOS DE MÁLAGA,525,-200,-1.00,14110
9/30/2016,729,LEGO Education WeDo Construction Set,729,COLEGIO LOS OLIVOS PADRES AGUSTINOS DE MÁLAGA,526,1950.4,16.00,14110
9/30/2016,729,LEGO® Education WeDo™ Software v.1.2 and Activity Pack,729,COLEGIO LOS OLIVOS PADRES AGUSTINOS DE MÁLAGA,526,76.78,1.00,14110
9/30/2016,729,SERVICIOS PRESTADOS,729,COLEGIO LOS OLIVOS PADRES AGUSTINOS DE MÁLAGA,526,-140,-1.00,14110
11/16/2016,733,Curso de Formación de Profesorado,733,COLEGIO LOPE DE VEGA,778,1440,1.00,14110
10/17/2016,744,LEGO® MINDSTORMS® Education EV3 Core Set,744,COLEGIO NUESTRA SEÑORA DE LA SALUD - MARISTAS ALGEMESÍ,620,1799.95,5.00,14110
10/17/2016,744,Transformer 10V DC,744,COLEGIO NUESTRA SEÑORA DE LA SALUD - MARISTAS ALGEMESÍ,620,40.52,2.00,14110
10/17/2016,744,SERVICIOS PRESTADOS,744,COLEGIO NUESTRA SEÑORA DE LA SALUD - MARISTAS ALGEMESÍ,620,-92.02,-1.00,14110
10/18/2016,745,Simple & Powered Machines Set,745,FEDAC LLEIDA,621,851.7,6.00,14110
10/18/2016,745,Introducing Simple & Powered Machines,745,FEDAC LLEIDA,621,97.92,1.00,14110
10/18/2016,745,Advancing with Simple & Powered Machines,745,FEDAC LLEIDA,621,64.99,1.00,14110
10/18/2016,745,SERVICIOS PRESTADOS,745,FEDAC LLEIDA,621,-50.73,-1.00,14110
11/2/2016,764,LEGO® Education WeDo 2.0 Core Set,764,COLEGIO MANUEL SIUROT,700,837,6.00,14110
11/2/2016,764,LEGO® MINDSTORMS® Education EV3 Core Set,764,COLEGIO MANUEL SIUROT,700,1439.96,4.00,14110
11/2/2016,764,Transformer 10V DC,764,COLEGIO MANUEL SIUROT,700,81.04,4.00,14110
11/2/2016,764,SERVICIOS PRESTADOS,764,COLEGIO MANUEL SIUROT,700,-117.9,-1.00,14110
11/3/2016,765,LEGO® MINDSTORMS® Education EV3 Core Set,765,IES ÁGORA,702,0,2.00,14110
11/3/2016,765,Transformer 10V DC,765,IES ÁGORA,702,0,1.00,14110
11/3/2016,765,LEGO® MINDSTORMS® Education EV3 Core Set,765,IES ÁGORA,703,359.99,1.00,14110
11/3/2016,765,Transformer 10V DC,765,IES ÁGORA,703,20.26,1.00,14110
11/3/2016,765,SERVICIOS PRESTADOS,765,IES ÁGORA,703,-38.25,-1.00,14110
11/22/2016,780,Early Simple Machines Set,780,CEIP PIO DEL RIO HORTEGA,802,128.58,1.00,14110
11/22/2016,780,SERVICIOS PRESTADOS,780,CEIP PIO DEL RIO HORTEGA,802,-6.43,-1.00,14110
11/24/2016,786,LEGO® MINDSTORMS® Education EV3 Core Set,786,SAGRADO CORAZÓN HERMANOS CORAZONISTAS,820,0,3.00,14110
11/24/2016,786,LEGO® MINDSTORMS® Education EV3 Expansio,786,SAGRADO CORAZÓN HERMANOS CORAZONISTAS,820,0,3.00,14110
11/24/2016,786,Transformer 10V DC,786,SAGRADO CORAZÓN HERMANOS CORAZONISTAS,820,0,3.00,14110
11/24/2016,786,SERVICIOS PRESTADOS,786,SAGRADO CORAZÓN HERMANOS CORAZONISTAS,820,1333.95,1.00,14110
12/5/2016,806,SERVICIOS PRESTADOS,806,CRP PALLARS JUSSÀ,865,785.11,1.00,14110
12/5/2016,806,LEGO® Education WeDo 2.0 Core Set,806,CRP PALLARS JUSSÀ,865,0,6.00,14110
12/5/2016,806,Curriculum Pack LEGO Education WeDo 2.0,806,CRP PALLARS JUSSÀ,865,0,1.00,14110
12/15/2016,815,LEGO® MINDSTORMS® Education EV3 Core Set,815,COLEGIO MATER SALVATORIS,892,719.98,2.00,14110
12/15/2016,815,Transformer 10V DC,815,COLEGIO MATER SALVATORIS,892,20.26,1.00,14110
12/15/2016,815,EV3 Rechargeable DC Battery,815,COLEGIO MATER SALVATORIS,892,170.52,2.00,14110
12/15/2016,815,SERVICIOS PRESTADOS,815,COLEGIO MATER SALVATORIS,892,-45.53,-1.00,14110
11/25/2016,225,LEGO® MINDSTORMS® Education EV3 Core Set,225,IES ZALLABHI,823,287.99,1.00,14110
4/27/2016,494,Simple & Powered Machines Set,494,CP JUAN PABLO BONET,128,269.71,2.00,14110
4/27/2016,494,Introducing Simple & Powered Machines,494,CP JUAN PABLO BONET,128,93.02,1.00,14110
4/27/2016,494,LearnToLearn Core Set & Curriculum Pack,494,CP JUAN PABLO BONET,128,89.2,1.00,14110
11/28/2016,791,LEGO® MINDSTORMS® Education EV3 Core Set,791,IES FLORIDABLANCA,828,3455.9,12.00,14110
11/28/2016,791,LEGO® MINDSTORMS® Education EV3 Expansio,791,IES FLORIDABLANCA,828,494.69,6.00,14110
11/28/2016,791,Transformer 10V DC,791,IES FLORIDABLANCA,828,97.25,6.00,14110
2/9/2015,0245544,Pack aula 24 - 8 MINDSTORMS EV3 + ACCESORIOS,647,IES PUERTAS DEL CAMPO,9,3553.68,1.00,14110
3/2/2015,45517,Transformer 10V DC,664,COLEGIO DE FOMENTO NELVA,17,25.13,1.00,14110
3/2/2015,045544,Pack Básico EV3 Referencia 45544 + software 2000045,664,COLEGIO DE FOMENTO NELVA,17,366.43,1.00,14110
5/29/2015,9580,LEGO Education WeDo Construction Set,710,Colegio Cristo Rey,43,1295.4,12.00,14110
5/29/2015,9580,LEGO Education WeDo Construction Set,710,Colegio Cristo Rey,44,1295.4,12.00,14110
5/29/2015,45517,Transformer 10V DC,710,Colegio Cristo Rey,43,125.65,5.00,14110
5/29/2015,45544,LEGO® MINDSTORMS Education EV3 Core Set,710,Colegio Cristo Rey,43,2439.6,8.00,14110
5/29/2015,045570,Pack EV3 Space Challenge Set and Activity Pack,710,Colegio Cristo Rey,43,260.33,1.00,14110
5/29/2015,045570,Pack EV3 Space Challenge Set and Activity Pack,710,Colegio Cristo Rey,44,260.33,1.00,14110
5/29/2015,0245544,Pack aula 24 - 8 MINDSTORMS EV3 + ACCESORIOS,710,Colegio Cristo Rey,44,3553.68,1.00,14110
5/29/2015,2000046,LEGO® MINDSTORMS Education EV3 Software Site License,710,Colegio Cristo Rey,43,322.46,1.00,14110
5/29/2015,2000097,LEGO® Education WeDo™ Software v.1.2 and Activity Pack,710,Colegio Cristo Rey,43,71.64,1.00,14110
5/29/2015,2000097,LEGO® Education WeDo™ Software v.1.2 and Activity Pack,710,Colegio Cristo Rey,44,71.64,1.00,14110
7/21/2015,9580,LEGO Education WeDo Construction Set,696,COLEGIO LOS BOSCOS,62,218.02,2.00,14110
7/21/2015,9689,Simple Machines Set,696,COLEGIO LOS BOSCOS,62,52.69,1.00,14110
7/3/2015,45517,Transformer 10V DC,429,IES DOS MARES,53,56.88,3.00,14110
7/3/2015,45517,Transformer 10V DC,429,IES DOS MARES,52,113.76,6.00,14110
7/3/2015,45544,LEGO® MINDSTORMS Education EV3 Core Set,429,IES DOS MARES,53,3964.35,13.00,14110
7/3/2015,45544,LEGO® MINDSTORMS Education EV3 Core Set,429,IES DOS MARES,52,4879.2,16.00,14110
7/3/2015,45560,LEGO® MINDSTORMS Education EV3 Expansion Set,429,IES DOS MARES,52,1550.4,16.00,14110
7/3/2015,45560,LEGO® MINDSTORMS Education EV3 Expansion Set,429,IES DOS MARES,53,1550.4,16.00,14110
7/21/2015,705001,SERVICIOS PRESTADOS,696,COLEGIO LOS BOSCOS,62,-16.97,-1.00,14110
7/21/2015,2009689,Activity Pack for Simple Machines,696,COLEGIO LOS BOSCOS,62,50.39,1.00,14110
9/30/2015,705001,SERVICIOS PRESTADOS,575,IES JOSE LUIS SAMPEDRO,91,-782,-1.00,14110
9/21/2015,705001,SERVICIOS PRESTADOS,581,INSTITUCION ESCOLAR Y ALEGRE S.L.,85,-0.54,-1.00,14110
9/25/2015,0145544,Pack aula 12 - 4 MINDSTORMS EV3 + ACCESORIOS,786,UNIVERSIDAD DE CASTILLA Y LA MANCHA DEPT. DE SISTEMAS INFORMÁTICOS,88,1652.85,1.00,14110
9/21/2015,2000710,Pack de recanvis LE WeDo 1,581,INSTITUCION ESCOLAR Y ALEGRE S.L.,85,10.72,2.00,14110
10/6/2015,9580,LEGO Education WeDo Construction Set,587,FEDAC GIRONELLA,102,545.05,5.00,14110
10/8/2015,9580,LEGO Education WeDo Construction Set,804,FEDAC ANGLÈS,111,447.4,4.00,14110
10/20/2015,9580,LEGO Education WeDo Construction Set,819,AQUINAS INTERNATIONAL SCHOOL,126,1118.5,10.00,14110
10/22/2015,9580,LEGO Education WeDo Construction Set,823,EL CENTRO INGLÉS SL,130,782.95,7.00,14110
10/8/2015,9656,Early Simple Machines Set,802,COLEGIO SAN JOSÉ URDANETA,110,253.08,2.00,14110
10/8/2015,9660,Early Structures Set,802,COLEGIO SAN JOSÉ URDANETA,110,180.86,2.00,14110
10/6/2015,9686,Simple & Powered Machines Set,587,FEDAC GIRONELLA,102,697.95,5.00,14110
10/6/2015,45517,Transformer 10V DC,575,IES JOSE LUIS SAMPEDRO,104,19.96,1.00,14110
10/6/2015,45517,Transformer 10V DC,797,COLEGIO SANTO DOMINGO SAVIO,101,19.96,1.00,14110
10/22/2015,45517,Transformer 10V DC,823,EL CENTRO INGLÉS SL,130,79.84,4.00,14110
10/6/2015,45544,LEGO® MINDSTORMS Education EV3 Core Set,797,COLEGIO SANTO DOMINGO SAVIO,101,668.9,2.00,14110
10/22/2015,45544,LEGO® MINDSTORMS Education EV3 Core Set,823,EL CENTRO INGLÉS SL,130,2675.6,8.00,14110
10/6/2015,45560,LEGO® MINDSTORMS Education EV3 Expansion Set,575,IES JOSE LUIS SAMPEDRO,104,0,1.00,14110
10/6/2015,705001,SERVICIOS PRESTADOS,587,FEDAC GIRONELLA,102,-64.98,-1.00,14110
10/6/2015,705001,SERVICIOS PRESTADOS,797,COLEGIO SANTO DOMINGO SAVIO,101,-79.07,-1.00,14110
10/6/2015,705001,SERVICIOS PRESTADOS,797,COLEGIO SANTO DOMINGO SAVIO,100,-10.19,-1.00,14110
10/8/2015,705001,SERVICIOS PRESTADOS,802,COLEGIO SAN JOSÉ URDANETA,110,-24.47,-1.00,14110
10/8/2015,705001,SERVICIOS PRESTADOS,804,FEDAC ANGLÈS,111,-44.74,-1.00,14110
10/20/2015,705001,SERVICIOS PRESTADOS,819,AQUINAS INTERNATIONAL SCHOOL,126,-93.08,-1.00,14110
10/22/2015,705001,SERVICIOS PRESTADOS,823,EL CENTRO INGLÉS SL,130,-303.94,-1.00,14110
10/6/2015,2000045,LEGO® MINDSTORMS Education EV3 Software Single License,797,COLEGIO SANTO DOMINGO SAVIO,100,101.89,1.00,14110
10/6/2015,2000045,LEGO® MINDSTORMS Education EV3 Software Single License,797,COLEGIO SANTO DOMINGO SAVIO,101,101.89,1.00,14110
10/20/2015,2000097,LEGO® Education WeDo™ Software v.1.2 and Activity Pack,819,AQUINAS INTERNATIONAL SCHOOL,126,75.41,1.00,14110
10/22/2015,2000097,LEGO® Education WeDo™ Software v.1.2 and Activity Pack,823,EL CENTRO INGLÉS SL,130,75.41,1.00,14110
10/6/2015,2009585,WeDo 8+ Projects Curriculum Pack,587,FEDAC GIRONELLA,102,56.55,1.00,14110
10/8/2015,2009656,Activity Pack for Early Simple Machines,802,COLEGIO SAN JOSÉ URDANETA,110,54.99,1.00,14110
11/12/2015,9580,LEGO Education WeDo Construction Set,516,COL·LEGI MARE DE DEU DEL CARME,146,0,22.00,14110
11/12/2015,9585,LEGO® Education WeDo™ Resource set,516,COL·LEGI MARE DE DEU DEL CARME,146,0,24.00,14110
11/19/2015,45517,Transformer 10V DC,788,COLEGIO CEU SAN PABLO,156,59.37,3.00,14110
11/19/2015,45544,LEGO® MINDSTORMS Education EV3 Core Set,788,COLEGIO CEU SAN PABLO,156,1286,4.00,14110
11/12/2015,705001,SERVICIOS PRESTADOS,516,COL·LEGI MARE DE DEU DEL CARME,146,3295.87,1.00,14110
11/19/2015,705001,SERVICIOS PRESTADOS,788,COLEGIO CEU SAN PABLO,156,-159.98,-1.00,14110
11/19/2015,2000047,LEGO® MINDSTORMS Education EV3 Software Single License DVD,788,COLEGIO CEU SAN PABLO,156,114.38,1.00,14110
11/12/2015,2000097,LEGO® Education WeDo™ Software v.1.2 and Activity Pack,516,COL·LEGI MARE DE DEU DEL CARME,146,0,1.00,14110
11/12/2015,2009585,WeDo 8+ Projects Curriculum Pack,516,COL·LEGI MARE DE DEU DEL CARME,146,0,1.00,14110
12/2/2015,9686,Simple & Powered Machines Set,850,HERMANOS MARISTAS PROVINCIA LEVANTE,175,139.59,1.00,14110
12/21/2015,705001,SERVICIOS PRESTADOS,516,COL·LEGI MARE DE DEU DEL CARME,212,-310.98,-1.00,14110
12/21/2015,705001,SERVICIOS PRESTADOS,516,COL·LEGI MARE DE DEU DEL CARME,212,249.99,1.00,14110
12/21/2015,705001,SERVICIOS PRESTADOS,516,COL·LEGI MARE DE DEU DEL CARME,212,2859.78,22.00,14110
12/2/2015,705001,SERVICIOS PRESTADOS,850,HERMANOS MARISTAS PROVINCIA LEVANTE,175,-11.39,-1.00,14110
12/2/2015,2009686,Introducing Simple & Powered Machines,850,HERMANOS MARISTAS PROVINCIA LEVANTE,175,88.24,1.00,14110
